Material,Ultimate tensile strength,Yield strength,Young's modulus,Shear modulus,Poisson's ratio,Density,Use
Steel SAE 1015,421,314,207000,79000,0.3,7860,Yes
Steel SAE 1015,424,324,207000,79000,0.3,7860,Yes
Steel SAE 1015,386,284,207000,79000,0.3,7860,No
Steel SAE 1020,448,331,207000,79000,0.3,7860,Yes
Steel SAE 1020,441,346,207000,79000,0.3,7860,Yes
Steel SAE 1020,395,295,207000,79000,0.3,7860,Yes
Steel SAE 1022,503,359,207000,79000,0.3,7860,No
Steel SAE 1022,483,359,207000,79000,0.3,7860,No
Steel SAE 1022,450,317,207000,79000,0.3,7860,Yes
Steel SAE 1030,552,345,207000,79000,0.3,7860,No
Steel SAE 1030,517,345,207000,79000,0.3,7860,No
Steel SAE 1030,464,341,207000,79000,0.3,7860,Yes
Steel SAE 1030,848,648,207000,79000,0.3,7860,No
Steel SAE 1040,621,414,207000,79000,0.3,7860,No
Steel SAE 1040,590,374,207000,79000,0.3,7860,No
Steel SAE 1040,519,353,207000,79000,0.3,7860,No
Steel SAE 1040,779,593,207000,79000,0.3,7860,No
Steel SAE 1050,724,414,207000,79000,0.3,7860,No
Steel SAE 1050,748,427,207000,79000,0.3,7860,No
Steel SAE 1050,636,365,207000,79000,0.3,7860,No
Steel SAE 1050,979,724,207000,79000,0.3,7860,No
Steel SAE 1060,814,483,207000,79000,0.3,7860,No
Steel SAE 1060,776,421,207000,79000,0.3,7860,No
Steel SAE 1060,626,372,207000,79000,0.3,7860,No
Steel SAE 1060,1103,779,207000,79000,0.3,7860,No
Steel SAE 1080,965,586,207000,79000,0.3,7860,No
Steel SAE 1080,1010,524,207000,79000,0.3,7860,No
Steel SAE 1080,615,376,207000,79000,0.3,7860,No
Steel SAE 1080,1303,979,207000,79000,0.3,7860,No
Steel SAE 1095,965,572,207000,79000,0.3,7860,No
Steel SAE 1095,1014,500,207000,79000,0.3,7860,No
Steel SAE 1095,657,379,207000,79000,0.3,7860,No
Steel SAE 1095,1289,827,207000,79000,0.3,7860,No
Steel SAE 1117,487,305,207000,79000,0.3,7860,Yes
Steel SAE 1117,467,303,207000,79000,0.3,7860,Yes
Steel SAE 1117,429,279,207000,79000,0.3,7860,Yes
Steel SAE 1118,521,316,207000,79000,0.3,7860,No
Steel SAE 1118,477,319,207000,79000,0.3,7860,Yes
Steel SAE 1118,450,284,207000,79000,0.3,7860,Yes
Steel SAE 1137,627,379,207000,79000,0.3,7860,No
Steel SAE 1137,669,396,207000,79000,0.3,7860,No
Steel SAE 1137,584,345,207000,79000,0.3,7860,No
Steel SAE 1137,1082,938,207000,79000,0.3,7860,No
Steel SAE 1141,676,359,207000,79000,0.3,7860,No
Steel SAE 1141,707,405,207000,79000,0.3,7860,No
Steel SAE 1141,598,353,207000,79000,0.3,7860,No
Steel SAE 1141,1634,1213,207000,79000,0.3,7860,No
Steel SAE 1144,703,421,207000,79000,0.3,7860,No
Steel SAE 1144,667,400,207000,79000,0.3,7860,No
Steel SAE 1144,584,346,207000,79000,0.3,7860,No
Steel SAE 1144,876,627,207000,79000,0.3,7860,No
Steel SAE 1340,836,558,207000,79000,0.3,7860,No
Steel SAE 1340,703,436,207000,79000,0.3,7860,No
Steel SAE 1340,1806,1593,207000,79000,0.3,7860,No
Steel SAE 3140,891,600,207000,79000,0.3,7860,No
Steel SAE 3140,689,422,207000,79000,0.3,7860,No
Steel SAE 4037,1027,758,207000,79000,0.3,7860,No
Steel SAE 4042,1800,1662,207000,79000,0.3,7860,No
Steel SAE 4130,669,436,207000,79000,0.3,7860,No
Steel SAE 4130,560,360,207000,79000,0.3,7860,No
Steel SAE 4130,1627,1462,207000,79000,0.3,7860,No
Steel SAE 4140,1020,655,207000,79000,0.3,7860,No
Steel SAE 4140,655,417,207000,79000,0.3,7860,No
Steel SAE 4140,1772,1641,207000,79000,0.3,7860,No
Steel SAE 4150,1155,734,207000,79000,0.3,7860,No
Steel SAE 4150,729,379,207000,79000,0.3,7860,No
Steel SAE 4150,1931,1724,207000,79000,0.3,7860,No
Steel SAE 4320,793,464,207000,79000,0.3,7860,No
Steel SAE 4320,579,425,207000,79000,0.3,7860,No
Steel SAE 4340,1279,862,207000,79000,0.3,7860,No
Steel SAE 4340,745,472,207000,79000,0.3,7860,No
Steel SAE 4340,1875,1675,207000,79000,0.3,7860,No
Steel SAE 4620,574,366,207000,79000,0.3,7860,No
Steel SAE 4620,512,372,207000,79000,0.3,7860,No
Steel SAE 4820,755,484,207000,79000,0.3,7860,No
Steel SAE 4820,681,464,207000,79000,0.3,7860,No
Steel SAE 5046,1744,1407,207000,79000,0.3,7860,No
Steel SAE 5130,1613,1517,207000,79000,0.3,7860,No
Steel SAE 5140,793,472,207000,79000,0.3,7860,No
Steel SAE 5140,572,293,207000,79000,0.3,7860,No
Steel SAE 5140,1793,1641,207000,79000,0.3,7860,No
Steel SAE 5150,870,529,207000,79000,0.3,7860,No
Steel SAE 5150,676,357,207000,79000,0.3,7860,No
Steel SAE 5150,1944,1731,207000,79000,0.3,7860,No
Steel SAE 5160,957,531,207000,79000,0.3,7860,No
Steel SAE 5160,722,276,207000,79000,0.3,7860,No
Steel SAE 5160,2220,1793,207000,79000,0.3,7860,No
Steel SAE 6150,939,615,207000,79000,0.3,7860,No
Steel SAE 6150,667,412,207000,79000,0.3,7860,No
Steel SAE 6150,1931,1689,207000,79000,0.3,7860,No
Steel SAE 8620,633,357,207000,79000,0.3,7860,No
Steel SAE 8620,536,385,207000,79000,0.3,7860,No
Steel SAE 8630,650,429,207000,79000,0.3,7860,No
Steel SAE 8630,564,372,207000,79000,0.3,7860,No
Steel SAE 8630,1641,1503,207000,79000,0.3,7860,No
Steel SAE 8640,1862,1669,207000,79000,0.3,7860,No
Steel SAE 8650,1024,688,207000,79000,0.3,7860,No
Steel SAE 8650,715,386,207000,79000,0.3,7860,No
Steel SAE 8650,1937,1675,207000,79000,0.3,7860,No
Steel SAE 8660,1634,1551,207000,79000,0.3,7860,No
Steel SAE 8740,929,607,207000,79000,0.3,7860,No
Steel SAE 8740,695,415,207000,79000,0.3,7860,No
Steel SAE 8740,1999,1655,207000,79000,0.3,7860,No
Steel SAE 9255,933,579,207000,79000,0.3,7860,No
Steel SAE 9255,774,486,207000,79000,0.3,7860,No
Steel SAE 9255,2103,2048,207000,79000,0.3,7860,No
Steel SAE 9260,1758,1503,207000,79000,0.3,7860,No
Steel SAE 9310,907,571,207000,79000,0.3,7860,No
Steel SAE 9310,820,440,207000,79000,0.3,7860,No
Steel SAE 30201,793,379,193000,743000,0.3,8030,No
Steel SAE 30201,862,517,193000,743000,0.3,8030,No
Steel SAE 30201,1034,758,193000,743000,0.3,8030,No
Steel SAE 30201,1207,931,193000,743000,0.3,8030,No
Steel SAE 30201,1276,965,193000,743000,0.3,8030,No
Steel SAE 30202,724,379,193000,743000,0.3,8030,No
Steel SAE 30202,862,517,193000,743000,0.3,8030,No
Steel SAE 30301,758,276,193000,743000,0.3,8030,No
Steel SAE 30301,862,517,193000,743000,0.3,8030,No
Steel SAE 30301,1034,758,193000,743000,0.3,8030,No
Steel SAE 30301,1207,931,193000,743000,0.3,8030,No
Steel SAE 30301,1276,965,193000,743000,0.3,8030,No
Steel SAE 30302,621,255,193000,743000,0.3,8030,No
Steel SAE 30302,862,517,193000,743000,0.3,8030,No
Steel SAE 30302B,655,276,193000,743000,0.3,8030,No
Steel SAE 30303,621,241,193000,743000,0.3,8030,No
Steel SAE 30304,586,241,193000,743000,0.3,8030,No
Steel SAE 30304L,552,207,193000,743000,0.3,8030,No
Steel SAE 30305,586,255,193000,743000,0.3,8030,No
Steel SAE 30308,586,241,193000,743000,0.3,8030,No
Steel SAE 30309,621,276,193000,743000,0.3,8030,No
Steel SAE 30310,655,276,193000,743000,0.3,8030,No
Steel SAE 30314,689,345,193000,743000,0.3,8030,No
Steel SAE 30316,586,241,193000,743000,0.3,8030,No
Steel SAE 30316L,538,207,193000,743000,0.3,8030,No
Steel SAE 30317,621,276,193000,743000,0.3,8030,No
Steel SAE 30321,600,241,193000,743000,0.3,8030,No
Steel SAE 30347,634,241,193000,743000,0.3,8030,No
Steel SAE 30348,634,241,193000,743000,0.3,8030,No
Steel SAE 51403,517,276,200000,769000,0.3,8030,No
Steel SAE 51403,1310,1000,200000,769000,0.3,8030,No
Steel SAE 51405,483,276,200000,769000,0.3,8030,No
Steel SAE 51410,517,276,200000,769000,0.3,8030,No
Steel SAE 51410,1310,1000,200000,769000,0.3,8030,No
Steel SAE 51414,827,655,200000,769000,0.3,8030,No
Steel SAE 51414,1379,1034,200000,769000,0.3,8030,No
Steel SAE 51416,517,276,200000,769000,0.3,8030,No
Steel SAE 51416,1310,1000,200000,769000,0.3,8030,No
Steel SAE 51420,655,345,200000,769000,0.3,8030,No
Steel SAE 51420,1586,1344,200000,769000,0.3,8030,No
Steel SAE 51430,517,310,200000,769000,0.3,8030,No
Steel SAE 51430F,552,379,200000,769000,0.3,8030,No
Steel SAE 51431,862,655,200000,769000,0.3,8030,No
Steel SAE 51431,1413,1069,200000,769000,0.3,8030,No
Steel SAE 51440A,724,414,200000,769000,0.3,8030,No
Steel SAE 51440A,1793,1655,200000,769000,0.3,8030,No
Steel SAE 51440C,758,448,200000,769000,0.3,8030,No
Steel SAE 51440C,1965,1896,200000,769000,0.3,8030,No
Steel SAE 51446,552,345,200000,769000,0.3,8030,No
Steel SAE 51501,483,207,200000,769000,0.3,8030,No
Steel SAE 51502,483,207,200000,769000,0.3,8030,No
Grey cast iron class 20,138,138,80000,32000,0.25,7160,No
Grey cast iron class 25,172,172,98000,39000,0.25,7160,No
Grey cast iron class 30,207,207,100000,40000,0.25,7160,No
Grey cast iron class 35,241,241,110000,44000,0.25,7160,No
Grey cast iron class 40,276,276,117000,47000,0.25,7160,No
Grey cast iron class 50,345,345,124000,50000,0.25,7160,No
Grey cast iron class 60,414,414,137000,55000,0.25,7160,No
Malleable cast iron,276,207,172000,68000,0.27,7160,No
Malleable cast iron,414,317,172000,68000,0.27,7160,No
Malleable cast iron,552,427,172000,68000,0.27,7160,No
Malleable cast iron,689,538,172000,68000,0.27,7160,No
Nodular cast iron,414,276,159000,66000,0.2,7160,No
Nodular cast iron,552,365,159000,66000,0.2,7160,No
Nodular cast iron,689,455,159000,66000,0.2,7160,No
Nodular cast iron,827,552,159000,66000,0.2,7160,No
Copper Alloy C80100,172,62,108000,40000,0.35,8930,No
High-Copper Alloy C81300,365,248,108000,40000,0.35,8930,No
High-Copper Alloy C81500,352,276,108000,40000,0.35,8930,No
High-Copper Alloy C81700,634,469,108000,40000,0.35,8930,No
Red brass C83300,221,69,100000,37000,0.34,8500,No
Red brass C83400,241,69,100000,37000,0.34,8500,No
Red brass C83600,255,117,100000,37000,0.34,8500,No
Red brass C83800,241,110,100000,37000,0.34,8500,No
Semi-red Brass C84200,241,97,100000,37000,0.34,8500,No
Semi-red Brass C84400,234,97,100000,37000,0.34,8500,No
Semi-red Brass C84500,241,97,100000,37000,0.34,8500,No
Semi-red Brass C84800,241,97,100000,37000,0.34,8500,No
Yellow Brass C85200,262,90,100000,37000,0.34,8500,No
Yellow Brass C85400,234,83,100000,37000,0.34,8500,No
Yellow Brass C85500,414,159,100000,37000,0.34,8500,No
Yellow Brass C85700,345,124,100000,37000,0.34,8500,No
Yellow Brass C85800,379,207,100000,37000,0.34,8500,No
Manganese Bronze C86100,655,345,120000,45000,0.31,8800,No
Manganese Bronze C86200,655,331,120000,45000,0.31,8800,No
Manganese Bronze C86300,793,572,120000,45000,0.31,8800,No
Manganese Bronze C86400,448,172,120000,45000,0.31,8800,No
Manganese Bronze C86500,490,193,120000,45000,0.31,8800,No
Manganese Bronze C86700,586,290,120000,45000,0.31,8800,No
Manganese Bronze C86800,565,262,120000,45000,0.31,8800,No
Silicon Brass C87200,379,172,120000,45000,0.31,8800,No
Silicon Bronze C87400,379,165,120000,45000,0.31,8800,No
Silicon Bronze C87500,462,207,120000,45000,0.31,8800,No
Silicon Bronze C87600,455,221,120000,45000,0.31,8800,No
Silicon Bronze C87800,586,345,120000,45000,0.31,8800,No
Silicon Bronze C87900,483,241,120000,45000,0.31,8800,No
Tin Bronze C90200,262,110,120000,45000,0.31,8800,No
Tin Bronze C90300,310,145,120000,45000,0.31,8800,No
Tin Bronze C90500,310,152,120000,45000,0.31,8800,No
Tin Bronze C90700,303,152,120000,45000,0.31,8800,No
Tin Bronze C90900,276,138,120000,45000,0.31,8800,No
Tin Bronze C91000,221,172,120000,45000,0.31,8800,No
Tin Bronze C91100,241,172,120000,45000,0.31,8800,No
Tin Bronze C91300,241,207,120000,45000,0.31,8800,No
Tin Bronze C91600,303,152,120000,45000,0.31,8800,No
Tin Bronze C91700,303,152,120000,45000,0.31,8800,No
Leaded Tin Bronze C92200,276,138,120000,45000,0.31,8800,No
Leaded Tin Bronze C92300,276,138,120000,45000,0.31,8800,No
Leaded Tin Bronze C92500,303,138,120000,45000,0.31,8800,No
Leaded Tin Bronze C92600,303,138,120000,45000,0.31,8800,No
Leaded Tin Bronze C92700,290,145,120000,45000,0.31,8800,No
Leaded Tin Bronze C92800,276,207,120000,45000,0.31,8800,No
Leaded Tin Bronze C92900,324,179,120000,45000,0.31,8800,No
High Leaded Tin Bronze C93200,241,124,120000,45000,0.31,8800,No
High Leaded Tin Bronze C93400,221,110,120000,45000,0.31,8800,No
High Leaded Tin Bronze C93500,221,110,120000,45000,0.31,8800,No
High Leaded Tin Bronze C93700,241,124,120000,45000,0.31,8800,No
High Leaded Tin Bronze C93800,207,110,120000,45000,0.31,8800,No
High Leaded Tin Bronze C93900,221,152,120000,45000,0.31,8800,No
High Leaded Tin Bronze C94300,186,90,120000,45000,0.31,8800,No
High Leaded Tin Bronze C94400,221,110,120000,45000,0.31,8800,No
High Leaded Tin Bronze C94500,172,83,120000,45000,0.31,8800,No
Nickel-Tin Bronze C94700,345,159,120000,45000,0.31,8800,No
Nickel-Tin Bronze C94800,310,159,120000,45000,0.31,8800,No
Aluminum Bronze C95200,552,186,120000,45000,0.32,8800,No
Aluminum Bronze C95300,517,186,120000,45000,0.32,8800,No
Aluminum Bronze C95400,586,241,120000,45000,0.32,8800,No
Aluminum Bronze C95500,689,303,120000,45000,0.32,8800,No
Aluminum Bronze C95600,517,234,120000,45000,0.32,8800,No
Aluminum Bronze C95700,655,310,120000,45000,0.32,8800,No
Aluminum Bronze C95800,655,262,120000,45000,0.32,8800,No
Copper-Nickel C96200,310,172,100000,37000,0.34,8500,No
Copper-Nickel C96300,517,379,100000,37000,0.34,8500,No
Copper-Nickel C96400,469,255,100000,37000,0.34,8500,No
Copper-Nickel C96600,758,483,100000,37000,0.34,8500,No
Nickel Silver C97300,241,117,100000,37000,0.34,8500,No
Nickel Silver C97400,262,117,100000,37000,0.34,8500,No
Nickel Silver C97600,310,165,100000,37000,0.34,8500,No
Nickel Silver C97800,379,207,100000,37000,0.34,8500,No
Special Alloy C99300,655,379,100000,37000,0.34,8500,No
Special Alloy C99400,455,234,100000,37000,0.34,8500,No
Special Alloy C99500,483,276,100000,37000,0.34,8500,No
Special Alloy C99700,379,172,100000,37000,0.34,8500,No
Special Alloy C99750,448,221,100000,37000,0.34,8500,No
Copper Alloy C10100,221,69,108000,40000,0.35,8930,No
Copper Alloy C15000,200,41,108000,40000,0.35,8930,No
Copper Alloy C15500,276,124,108000,40000,0.35,8930,No
Copper Alloy C15715,359,303,108000,40000,0.35,8930,No
Copper Alloy C15720,441,372,108000,40000,0.35,8930,No
Copper Alloy C15760,483,448,108000,40000,0.35,8930,No
Copper Alloy C16200,241,48,108000,40000,0.35,8930,No
Copper Alloy C16500,276,97,108000,40000,0.35,8930,No
Copper Alloy C17000,483,221,108000,40000,0.35,8930,No
Copper Alloy C17300,469,172,108000,40000,0.35,8930,No
Copper Alloy C17500,310,172,108000,40000,0.35,8930,No
Copper Alloy C18200,234,97,108000,40000,0.35,8930,No
Copper Alloy C18900,262,62,108000,40000,0.35,8930,No
Copper Alloy C19000,262,138,108000,40000,0.35,8930,No
Copper Alloy C19100,248,69,108000,40000,0.35,8930,No
Copper Alloy C19200,255,76,108000,40000,0.35,8930,No
Copper Alloy C19400,310,165,108000,40000,0.35,8930,No
Copper Alloy C19500,552,448,108000,40000,0.35,8930,No
Copper Alloy C21000,234,69,108000,40000,0.35,8930,No
Commercial bronze C22000,255,69,105000,40000,0.32,8800,No
Red brass C23000,269,69,105000,40000,0.32,8800,No
Low brass C24000,290,83,105000,40000,0.32,8800,No
Cartridge brass C26000,303,76,105000,40000,0.32,8800,No
Yellow brass C26800,317,97,105000,40000,0.32,8800,No
Muntz metal C28000,372,145,105000,40000,0.32,8800,No
Leaded commercial bronze C31400,255,83,105000,40000,0.32,8800,No
Low-leaded brass C33000,324,103,105000,40000,0.32,8800,No
High-leaded brass C34200,338,117,105000,40000,0.32,8800,No
Medium-leaded brass C35000,310,90,105000,40000,0.32,8800,No
Leaded Muntz metal C36500,372,138,105000,40000,0.32,8800,No
Architectural bronze C38500,414,138,105000,40000,0.32,8800,No
Copper Alloy C40500,269,83,105000,40000,0.32,8800,No
Copper Alloy C40800,290,90,105000,40000,0.32,8800,No
Copper Alloy C41100,269,76,105000,40000,0.32,8800,No
Copper Alloy C41300,283,83,105000,40000,0.32,8800,No
Copper Alloy C41500,317,117,105000,40000,0.32,8800,No
Copper Alloy C42200,296,103,105000,40000,0.32,8800,No
Copper Alloy C42500,310,124,105000,40000,0.32,8800,No
Copper Alloy C43000,317,124,105000,40000,0.32,8800,No
Copper Alloy C43400,310,103,105000,40000,0.32,8800,No
Copper Alloy C43500,317,110,105000,40000,0.32,8800,No
Copper Alloy C44300,331,124,105000,40000,0.32,8800,No
Copper Alloy C46400,379,172,105000,40000,0.32,8800,No
Copper Alloy C48200,386,172,105000,40000,0.32,8800,No
Copper Alloy C48500,393,172,105000,40000,0.32,8800,No
Copper Alloy C50500,276,97,105000,40000,0.32,8800,No
Copper Alloy C51000,324,131,105000,40000,0.32,8800,No
Copper Alloy C51100,317,345,105000,40000,0.32,8800,No
Copper Alloy C52100,379,165,105000,40000,0.32,8800,No
Copper Alloy C52400,455,193,105000,40000,0.32,8800,No
Copper Alloy C54400,303,131,105000,40000,0.32,8800,No
Copper Alloy C60800,414,186,105000,40000,0.32,8800,No
Copper Alloy C61000,359,117,105000,40000,0.32,8800,No
Copper Alloy C61300,483,207,105000,40000,0.32,8800,No
Copper Alloy C61400,524,228,105000,40000,0.32,8800,No
Copper Alloy C61500,483,152,105000,40000,0.32,8800,No
Copper Alloy C61800,552,269,105000,40000,0.32,8800,No
Copper Alloy C61900,634,338,105000,40000,0.32,8800,No
Copper Alloy C62300,517,241,105000,40000,0.32,8800,No
Copper Alloy C62400,621,276,105000,40000,0.32,8800,No
Copper Alloy C62500,689,379,105000,40000,0.32,8800,No
Copper Alloy C63000,621,345,105000,40000,0.32,8800,No
Copper Alloy C63200,621,310,105000,40000,0.32,8800,No
Copper Alloy C63800,565,372,105000,40000,0.32,8800,No
Copper Alloy C64200,517,241,105000,40000,0.32,8800,No
Copper Alloy C65100,276,103,105000,40000,0.32,8800,No
Copper Alloy C65500,386,145,105000,40000,0.32,8800,No
Copper Alloy C66700,316,83,105000,40000,0.32,8800,No
Copper Alloy C67400,483,234,105000,40000,0.32,8800,No
Copper Alloy C67500,448,207,105000,40000,0.32,8800,No
Copper Alloy C68700,414,186,105000,40000,0.32,8800,No
Copper Alloy C68800,565,379,105000,40000,0.32,8800,No
Copper Alloy C69000,565,359,105000,40000,0.32,8800,No
Copper Alloy C69400,552,276,105000,40000,0.32,8800,No
Copper Alloy C70400,262,276,105000,40000,0.32,8800,No
Copper Alloy C70600,303,110,105000,40000,0.32,8800,No
Copper Alloy C71000,338,90,105000,40000,0.32,8800,No
Copper Alloy C71500,372,138,105000,40000,0.32,8800,No
Copper Alloy C72200,317,124,105000,40000,0.32,8800,No
Copper Alloy C72500,379,152,105000,40000,0.32,8800,No
Copper Alloy C73500,345,103,105000,40000,0.32,8800,No
Copper Alloy C74500,338,124,105000,40000,0.32,8800,No
Copper Alloy C75200,386,172,105000,40000,0.32,8800,No
Copper Alloy C75400,365,124,105000,40000,0.32,8800,No
Copper Alloy C75700,359,124,105000,40000,0.32,8800,No
Copper Alloy C76390,621,586,105000,40000,0.32,8800,No
Copper Alloy C77000,414,186,105000,40000,0.32,8800,No
Copper Alloy C78200,365,159,105000,40000,0.32,8800,No
Aluminum Alloy 201.0,414,345,73000,26000,0.33,2700,No
Aluminum Alloy 204.0,310,193,73000,26000,0.33,2700,No
Aluminum Alloy 208.0,131,83,73000,26000,0.33,2700,No
Aluminum Alloy 242.0,221,138,73000,26000,0.33,2700,No
Aluminum Alloy 242.0,165,90,73000,26000,0.33,2700,No
Aluminum Alloy 295.0,200,90,73000,26000,0.33,2700,No
Aluminum Alloy 295.0,221,138,73000,26000,0.33,2700,No
Aluminum Alloy 295.0,248,193,73000,26000,0.33,2700,No
Aluminum Alloy 295.0,200,110,73000,26000,0.33,2700,No
Aluminum Alloy 319.0,159,90,73000,26000,0.33,2700,No
Aluminum Alloy 319.0,214,138,73000,26000,0.33,2700,No
Aluminum Alloy 328.0,172,97,73000,26000,0.33,2700,No
Aluminum Alloy 328.0,234,145,73000,26000,0.33,2700,No
Aluminum Alloy 355.0,172,124,73000,26000,0.33,2700,No
Aluminum Alloy 355.0,221,138,73000,26000,0.33,2700,No
Aluminum Alloy 355.0,207,152,73000,26000,0.33,2700,No
Aluminum Alloy C355.0,248,172,73000,26000,0.33,2700,No
Aluminum Alloy 356.0,159,110,73000,26000,0.33,2700,No
Aluminum Alloy 356.0,207,138,73000,26000,0.33,2700,No
Aluminum Alloy 356.0,214,200,73000,26000,0.33,2700,No
Aluminum Alloy 356.0,172,124,73000,26000,0.33,2700,No
Aluminum Alloy A356.0,234,165,73000,26000,0.33,2700,No
Aluminum Alloy 443.0,117,48,73000,26000,0.33,2700,No
Aluminum Alloy B443.0,117,41,73000,26000,0.33,2700,No
Aluminum Alloy 512.0,117,69,73000,26000,0.33,2700,No
Aluminum Alloy 514.0,152,62,73000,26000,0.33,2700,No
Aluminum Alloy 520.0,290,152,73000,26000,0.33,2700,No
Aluminum Alloy 535.0,241,124,73000,26000,0.33,2700,No
Aluminum Alloy 705.0,207,117,73000,26000,0.33,2700,No
Aluminum Alloy 707.0,228,152,73000,26000,0.33,2700,No
Aluminum Alloy 707.0,255,207,73000,26000,0.33,2700,No
Aluminum Alloy 710.0,221,138,73000,26000,0.33,2700,No
Aluminum Alloy 712.0,234,172,73000,26000,0.33,2700,No
Aluminum Alloy 713.0,221,152,73000,26000,0.33,2700,No
Aluminum Alloy 771.0,290,262,73000,26000,0.33,2700,No
Aluminum Alloy 771.0,221,186,73000,26000,0.33,2700,No
Aluminum Alloy 771.0,248,207,73000,26000,0.33,2700,No
Aluminum Alloy 771.0,248,186,73000,26000,0.33,2700,No
Aluminum Alloy 771.0,290,241,73000,26000,0.33,2700,No
Aluminum Alloy 771.0,331,310,73000,26000,0.33,2700,No
Aluminum Alloy 852.0,165,124,73000,26000,0.33,2700,No
Aluminum Alloy 1060-O,69,28,73000,26000,0.33,2700,No
Aluminum Alloy 1060-H12,83,76,73000,26000,0.33,2700,No
Aluminum Alloy 1060-H14,97,90,73000,26000,0.33,2700,No
Aluminum Alloy 1060-H16,110,103,73000,26000,0.33,2700,No
Aluminum Alloy 1060-H18,131,124,73000,26000,0.33,2700,No
Aluminum Alloy 1100-O,90,34,73000,26000,0.33,2700,No
Aluminum Alloy 1100-H12,110,103,73000,26000,0.33,2700,No
Aluminum Alloy 1100-H14,124,117,73000,26000,0.33,2700,No
Aluminum Alloy 1100-H16,145,138,73000,26000,0.33,2700,No
Aluminum Alloy 1100-H18,165,152,73000,26000,0.33,2700,No
Aluminum Alloy 1350-O,83,28,73000,26000,0.33,2700,No
Aluminum Alloy 1350-H12,97,83,73000,26000,0.33,2700,No
Aluminum Alloy 1350-H14,110,97,73000,26000,0.33,2700,No
Aluminum Alloy 1350-H16,124,110,73000,26000,0.33,2700,No
Aluminum Alloy 1350-H19,186,165,73000,26000,0.33,2700,No
Aluminum Alloy 2011-T3,379,296,73000,26000,0.33,2700,No
Aluminum Alloy 2011-T8,407,310,73000,26000,0.33,2700,No
Aluminum Alloy 2014-O,186,97,73000,26000,0.33,2700,No
Aluminum Alloy 2014-T4,427,290,73000,26000,0.33,2700,No
Aluminum Alloy 2014-T451,427,290,73000,26000,0.33,2700,No
Aluminum Alloy 2014-T6,483,414,73000,26000,0.33,2700,No
Aluminum Alloy 2014-T651,483,414,73000,26000,0.33,2700,No
Aluminum Alloy Alclad 2014-O,172,69,73000,26000,0.33,2700,No
Aluminum Alloy Alclad 2014-T3,434,276,73000,26000,0.33,2700,No
Aluminum Alloy Alclad 2014-T4,421,255,73000,26000,0.33,2700,No
Aluminum Alloy Alclad 2014-T451,421,255,73000,26000,0.33,2700,No
Aluminum Alloy Alclad 2014-T6,469,414,73000,26000,0.33,2700,No
Aluminum Alloy Alclad 2014-T651,469,414,73000,26000,0.33,2700,No
Aluminum Alloy 2017-O,179,69,73000,26000,0.33,2700,No
Aluminum Alloy 2017-T4,427,276,73000,26000,0.33,2700,No
Aluminum Alloy 2017-T451,427,276,73000,26000,0.33,2700,No
Aluminum Alloy 2018-T61,421,317,73000,26000,0.33,2700,No
Aluminum Alloy 2024-O,186,76,73000,26000,0.33,2700,No
Aluminum Alloy 2024-T3,483,345,73000,26000,0.33,2700,No
Aluminum Alloy 2024-T351,469,324,73000,26000,0.33,2700,No
Aluminum Alloy 2024-T4,469,324,73000,26000,0.33,2700,No
Aluminum Alloy 2024-T361,496,393,73000,26000,0.33,2700,No
Aluminum Alloy Alclad 2024-O,179,76,73000,26000,0.33,2700,No
Aluminum Alloy Alclad 2024-T3,448,310,73000,26000,0.33,2700,No
Aluminum Alloy Alclad 2024-T351,441,290,73000,26000,0.33,2700,No
Aluminum Alloy Alclad 2024-T4,441,290,73000,26000,0.33,2700,No
Aluminum Alloy Alclad 202024-T361,462,365,73000,26000,0.33,2700,No
Aluminum Alloy Alclad 2024-T81,448,414,73000,26000,0.33,2700,No
Aluminum Alloy Alclad 2024-T851,448,414,73000,26000,0.33,2700,No
Aluminum Alloy Alclad 2024-T861,483,455,73000,26000,0.33,2700,No
Aluminum Alloy 2025-T6,400,255,73000,26000,0.33,2700,No
Aluminum Alloy 2036-T4,338,193,73000,26000,0.33,2700,No
Aluminum Alloy 2117-T4,296,165,73000,26000,0.33,2700,No
Aluminum Alloy 2218-T72,331,255,73000,26000,0.33,2700,No
Aluminum Alloy 2219-O,172,76,73000,26000,0.33,2700,No
Aluminum Alloy 2219-T42,359,186,73000,26000,0.33,2700,No
Aluminum Alloy 2219-T31,359,248,73000,26000,0.33,2700,No
Aluminum Alloy 2219-T351,359,248,73000,26000,0.33,2700,No
Aluminum Alloy 2219-T37,393,317,73000,26000,0.33,2700,No
Aluminum Alloy 2219-T62,414,290,73000,26000,0.33,2700,No
Aluminum Alloy 2219-T81,455,352,73000,26000,0.33,2700,No
Aluminum Alloy 2219-T851,455,352,73000,26000,0.33,2700,No
Aluminum Alloy 2219-T87,476,393,73000,26000,0.33,2700,No
Aluminum Alloy 3003-O,110,41,73000,26000,0.33,2700,No
Aluminum Alloy 3003-H12,131,124,73000,26000,0.33,2700,No
Aluminum Alloy 3003-H14,152,145,73000,26000,0.33,2700,No
Aluminum Alloy 3003-H16,179,172,73000,26000,0.33,2700,No
Aluminum Alloy 3003-H18,200,186,73000,26000,0.33,2700,No
Aluminum Alloy Alclad 3003-O,110,41,73000,26000,0.33,2700,No
Aluminum Alloy Alclad 3003-H12,131,124,73000,26000,0.33,2700,No
Aluminum Alloy Alclad 3003-H14,152,145,73000,26000,0.33,2700,No
Aluminum Alloy Alclad 3003-H16,179,172,73000,26000,0.33,2700,No
Aluminum Alloy Alclad 3003-H18,200,186,73000,26000,0.33,2700,No
Aluminum Alloy 3004-O,179,69,73000,26000,0.33,2700,No
Aluminum Alloy 3004-H32,214,172,73000,26000,0.33,2700,No
Aluminum Alloy 3004-H34,241,200,73000,26000,0.33,2700,No
Aluminum Alloy 3004-H36,262,228,73000,26000,0.33,2700,No
Aluminum Alloy 3004-H38,283,248,73000,26000,0.33,2700,No
Aluminum Alloy Alclad 3004-O,179,69,73000,26000,0.33,2700,No
Aluminum Alloy Alclad 3004-H32,214,172,73000,26000,0.33,2700,No
Aluminum Alloy Alclad 3004-H34,241,200,73000,26000,0.33,2700,No
Aluminum Alloy Alclad 3004-H36,262,228,73000,26000,0.33,2700,No
Aluminum Alloy Alclad 3004-H38,283,248,73000,26000,0.33,2700,No
Aluminum Alloy 3105-O,117,55,73000,26000,0.33,2700,No
Aluminum Alloy 3105-H12,152,131,73000,26000,0.33,2700,No
Aluminum Alloy 3105-H14,172,152,73000,26000,0.33,2700,No
Aluminum Alloy 3105-H16,193,172,73000,26000,0.33,2700,No
Aluminum Alloy 3105-H18,214,193,73000,26000,0.33,2700,No
Aluminum Alloy 3105-H25,179,159,73000,26000,0.33,2700,No
Aluminum Alloy 4032-T6,379,317,73000,26000,0.33,2700,No
Aluminum Alloy 5005-O,124,41,73000,26000,0.33,2700,No
Aluminum Alloy 5005-H12,138,131,73000,26000,0.33,2700,No
Aluminum Alloy 5005-H14,159,152,73000,26000,0.33,2700,No
Aluminum Alloy 5005-H16,179,172,73000,26000,0.33,2700,No
Aluminum Alloy 5005-H18,200,193,73000,26000,0.33,2700,No
Aluminum Alloy 5005-H32,138,117,73000,26000,0.33,2700,No
Aluminum Alloy 5005-H34,159,138,73000,26000,0.33,2700,No
Aluminum Alloy 5005-H36,179,165,73000,26000,0.33,2700,No
Aluminum Alloy 5005-H38,200,186,73000,26000,0.33,2700,No
Aluminum Alloy 5050-O,145,55,73000,26000,0.33,2700,No
Aluminum Alloy 5050-H32,172,145,73000,26000,0.33,2700,No
Aluminum Alloy 5050-H34,193,165,73000,26000,0.33,2700,No
Aluminum Alloy 5050-H36,207,179,73000,26000,0.33,2700,No
Aluminum Alloy 5050-H38,221,200,73000,26000,0.33,2700,No
Aluminum Alloy 5052-O,193,90,73000,26000,0.33,2700,No
Aluminum Alloy 5052-H32,228,193,73000,26000,0.33,2700,No
Aluminum Alloy 5052-H34,262,214,73000,26000,0.33,2700,No
Aluminum Alloy 5052-H36,276,241,73000,26000,0.33,2700,No
Aluminum Alloy 5052-H38,290,255,73000,26000,0.33,2700,No
Aluminum Alloy 5056-O,290,152,73000,26000,0.33,2700,No
Aluminum Alloy 5056-H18,434,407,73000,26000,0.33,2700,No
Aluminum Alloy 5056-H38,414,345,73000,26000,0.33,2700,No
Aluminum Alloy 5083-O,290,145,73000,26000,0.33,2700,No
Aluminum Alloy 5083-H116,317,228,73000,26000,0.33,2700,No
Aluminum Alloy 5083-H321,317,228,73000,26000,0.33,2700,No
Aluminum Alloy 5086-O,262,117,73000,26000,0.33,2700,No
Aluminum Alloy 5086-H32,290,207,73000,26000,0.33,2700,No
Aluminum Alloy 5086-H34,324,255,73000,26000,0.33,2700,No
Aluminum Alloy 5086-H112,269,131,73000,26000,0.33,2700,No
Aluminum Alloy 5086-H116,290,207,73000,26000,0.33,2700,No
Aluminum Alloy 5154-O,241,117,73000,26000,0.33,2700,No
Aluminum Alloy 5154-H32,269,207,73000,26000,0.33,2700,No
Aluminum Alloy 5154-H34,290,228,73000,26000,0.33,2700,No
Aluminum Alloy 5154-H36,310,248,73000,26000,0.33,2700,No
Aluminum Alloy 5154-H38,331,269,73000,26000,0.33,2700,No
Aluminum Alloy 5154-H112,241,117,73000,26000,0.33,2700,No
Aluminum Alloy 5252-H25,234,172,73000,26000,0.33,2700,No
Aluminum Alloy 5252-H28,283,241,73000,26000,0.33,2700,No
Aluminum Alloy 5252-H38,283,241,73000,26000,0.33,2700,No
Aluminum Alloy 5254-O,241,117,73000,26000,0.33,2700,No
Aluminum Alloy 5254-H32,269,207,73000,26000,0.33,2700,No
Aluminum Alloy 5254-H34,290,228,73000,26000,0.33,2700,No
Aluminum Alloy 5254-H36,310,248,73000,26000,0.33,2700,No
Aluminum Alloy 5254-H38,331,269,73000,26000,0.33,2700,No
Aluminum Alloy 5254-H112,241,117,73000,26000,0.33,2700,No
Aluminum Alloy 5454-O,248,117,73000,26000,0.33,2700,No
Aluminum Alloy 5454-H32,276,207,73000,26000,0.33,2700,No
Aluminum Alloy 5454-H34,303,241,73000,26000,0.33,2700,No
Aluminum Alloy 5454-H111,262,179,73000,26000,0.33,2700,No
Aluminum Alloy 5454-H112,248,124,73000,26000,0.33,2700,No
Aluminum Alloy 5456-O,310,159,73000,26000,0.33,2700,No
Aluminum Alloy 5456-H112,310,165,73000,26000,0.33,2700,No
Aluminum Alloy 5456-H116,352,255,73000,26000,0.33,2700,No
Aluminum Alloy 5456-H321,352,255,73000,26000,0.33,2700,No
Aluminum Alloy 5457-O,131,48,73000,26000,0.33,2700,No
Aluminum Alloy 5457-H25,179,159,73000,26000,0.33,2700,No
Aluminum Alloy 5457-H28,207,186,73000,26000,0.33,2700,No
Aluminum Alloy 5457-H38,207,186,73000,26000,0.33,2700,No
Aluminum Alloy 5652-O,193,90,73000,26000,0.33,2700,No
Aluminum Alloy 5652-H32,228,193,73000,26000,0.33,2700,No
Aluminum Alloy 5652-H34,262,214,73000,26000,0.33,2700,No
Aluminum Alloy 5652-H36,276,241,73000,26000,0.33,2700,No
Aluminum Alloy 5652-H38,290,255,73000,26000,0.33,2700,No
Aluminum Alloy 5657-H25,159,138,73000,26000,0.33,2700,No
Aluminum Alloy 5657-H28,193,165,73000,26000,0.33,2700,No
Aluminum Alloy 5657-H38,193,165,73000,26000,0.33,2700,No
Aluminum Alloy 6061-O,124,55,73000,26000,0.33,2700,No
Aluminum Alloy 6061-T4,241,145,73000,26000,0.33,2700,No
Aluminum Alloy 6061-T451,241,145,73000,26000,0.33,2700,No
Aluminum Alloy 6061-T6,310,276,73000,26000,0.33,2700,No
Aluminum Alloy 6061-T651,310,276,73000,26000,0.33,2700,No
Aluminum Alloy Alclad 6061-O,117,48,73000,26000,0.33,2700,No
Aluminum Alloy Alclad 6061-T4,228,131,73000,26000,0.33,2700,No
Aluminum Alloy Alclad 6061-T451,228,131,73000,26000,0.33,2700,No
Aluminum Alloy Alclad 6061-T6,290,255,73000,26000,0.33,2700,No
Aluminum Alloy Alclad 6061-T651,290,255,73000,26000,0.33,2700,No
Aluminum Alloy 6063-O,90,48,73000,26000,0.33,2700,No
Aluminum Alloy 6063-T1,152,90,73000,26000,0.33,2700,No
Aluminum Alloy 6063-T4,172,90,73000,26000,0.33,2700,No
Aluminum Alloy 6063-T5,186,145,73000,26000,0.33,2700,No
Aluminum Alloy 6063-T6,241,214,73000,26000,0.33,2700,No
Aluminum Alloy 6063-T83,255,241,73000,26000,0.33,2700,No
Aluminum Alloy 6063-T831,207,186,73000,26000,0.33,2700,No
Aluminum Alloy 6063-T832,290,269,73000,26000,0.33,2700,No
Aluminum Alloy 6066-O,152,83,73000,26000,0.33,2700,No
Aluminum Alloy 6066-T4,359,207,73000,26000,0.33,2700,No
Aluminum Alloy 6066-T451,359,207,73000,26000,0.33,2700,No
Aluminum Alloy 6066-T6,393,359,73000,26000,0.33,2700,No
Aluminum Alloy 6066-T651,393,359,73000,26000,0.33,2700,No
Aluminum Alloy 6070-T6,379,352,73000,26000,0.33,2700,No
Aluminum Alloy 6101-H111,97,76,73000,26000,0.33,2700,No
Aluminum Alloy 6101-T6,221,193,73000,26000,0.33,2700,No
Aluminum Alloy 6262-T9,400,379,73000,26000,0.33,2700,No
Aluminum Alloy 6351-T4,248,152,73000,26000,0.33,2700,No
Aluminum Alloy 6351-T6,310,283,73000,26000,0.33,2700,No
Aluminum Alloy 6463-T1,152,90,73000,26000,0.33,2700,No
Aluminum Alloy 6463-T5,186,145,73000,26000,0.33,2700,No
Aluminum Alloy 6463-T6,241,214,73000,26000,0.33,2700,No
Aluminum Alloy 7049-T73,517,448,73000,26000,0.33,2700,No
Aluminum Alloy 7049-T7352,517,434,73000,26000,0.33,2700,No
Aluminum Alloy 7050-T73510,496,434,73000,26000,0.33,2700,No
Aluminum Alloy 7050-T7451f,524,469,73000,26000,0.33,2700,No
Aluminum Alloy 7050-T7651,552,490,73000,26000,0.33,2700,No
Aluminum Alloy 7075-O,228,103,73000,26000,0.33,2700,No
Aluminum Alloy 7075-T6,572,503,73000,26000,0.33,2700,No
Aluminum Alloy 7075-T651,572,503,73000,26000,0.33,2700,No
Aluminum Alloy Alclad 7075-O,221,97,73000,26000,0.33,2700,No
Aluminum Alloy Alclad 7075-T6,524,462,73000,26000,0.33,2700,No
Aluminum Alloy Alclad 7075-T651,524,462,73000,26000,0.33,2700,No
Aluminum Alloy 7178-O,228,103,73000,26000,0.33,2700,No
Aluminum Alloy 7178-T6,607,538,73000,26000,0.33,2700,No
Aluminum Alloy 7178-T651,607,538,73000,26000,0.33,2700,No
Aluminum Alloy 7178-T76,572,503,73000,26000,0.33,2700,No
Aluminum Alloy 7178-T7651,572,503,73000,26000,0.33,2700,No
Aluminum Alloy Alclad 7178-O,221,97,73000,26000,0.33,2700,No
Aluminum Alloy Alclad 7178-T6,558,490,73000,26000,0.33,2700,No
Aluminum Alloy Alclad 7178-T651,558,490,73000,26000,0.33,2700,No
Aluminum Alloy 8176-H24,117,97,73000,26000,0.33,2700,No
Magnesium Alloy AM100A-T61,276,152,73000,26000,0.33,1750,No
Magnesium Alloy AZ63A-T6,276,97,73000,26000,0.33,1750,No
Magnesium Alloy AZ81A-T4,276,83,73000,26000,0.33,1750,No
Magnesium Alloy AZ91C-T6,276,145,73000,26000,0.33,1750,No
Magnesium Alloy AZ91E-T6,276,145,73000,26000,0.33,1750,No
Magnesium Alloy AZ92A-T6,276,152,73000,26000,0.33,1750,No
Magnesium Alloy EZ33A-T5,159,110,73000,26000,0.33,1750,No
Magnesium Alloy HK31A-T6,221,103,73000,26000,0.33,1750,No
Magnesium Alloy HZ32A-T6,186,90,73000,26000,0.33,1750,No
Magnesium Alloy K1A-F,179,55,73000,26000,0.33,1750,No
Magnesium Alloy QE22A-T6,262,193,73000,26000,0.33,1750,No
Magnesium Alloy QH21A-T6,276,207,73000,26000,0.33,1750,No
Magnesium Alloy ZE41A-T5,207,138,73000,26000,0.33,1750,No
Magnesium Alloy ZE63A-T6,303,193,73000,26000,0.33,1750,No
Magnesium Alloy ZH62A-T5,241,152,73000,26000,0.33,1750,No
Magnesium Alloy ZK51A-T5,207,138,73000,26000,0.33,1750,No
Magnesium Alloy ZK61A-T6,310,193,73000,26000,0.33,1750,No
Magnesium Alloy WE54A-F,276,200,73000,26000,0.33,1750,No
Magnesium Alloy AZ91A-F,234,159,73000,26000,0.33,1750,No
Magnesium Alloy AZ91B-FAZ91B-F,234,159,73000,26000,0.33,1750,No
Magnesium Alloy AZ91D-F,234,159,73000,26000,0.33,1750,No
Magnesium Alloy AM60A-F,221,131,73000,26000,0.33,1750,No
Magnesium Alloy AM60B-F,221,131,73000,26000,0.33,1750,No
Magnesium Alloy AS41A-F,214,138,73000,26000,0.33,1750,No
Magnesium Alloy AZ10A-F,241,145,73000,26000,0.33,1750,No
Magnesium Alloy AZ31B-F,262,200,73000,26000,0.33,1750,No
Magnesium Alloy AZ31C-F,262,200,73000,26000,0.33,1750,No
Magnesium Alloy AZ61A-F,310,228,73000,26000,0.33,1750,No
Magnesium Alloy AZ80A-T5,379,276,73000,26000,0.33,1750,No
Magnesium Alloy HM31A-F,290,228,73000,26000,0.33,1750,No
Magnesium Alloy M1A-F,255,179,73000,26000,0.33,1750,No
Magnesium Alloy ZK40A-T5,276,255,73000,26000,0.33,1750,No
Magnesium Alloy ZK60A-F,352,283,73000,26000,0.33,1750,No
Magnesium Alloy AZ31B-H24,290,221,73000,26000,0.33,1750,No
Magnesium Alloy AZ31C-H24,290,221,73000,26000,0.33,1750,No
Magnesium Alloy HK31A-H24,262,207,73000,26000,0.33,1750,No
Magnesium Alloy HM21A-T8,234,172,73000,26000,0.33,1750,No
EN 11SMn30,380,230,206000,80000,0.3,7860,No
EN 10S2O,360,225,206000,80000,0.3,7860,No
EN 35S20,600,380,206000,80000,0.3,7860,No
EN FeP01,270,280,206000,80000,0.3,7860,No
EN FeP03,270,240,206000,80000,0.3,7860,No
EN FeP04,270,210,206000,80000,0.3,7860,No
EN SPT360,360,225,206000,80000,0.3,7860,No
EN P235GH,360,225,206000,80000,0.3,7860,No
EN S235JRG1,340,225,206000,80000,0.3,7860,No
EN S235JRH,340,225,206000,80000,0.3,7860,No
EN S235JRG2,340,225,206000,80000,0.3,7860,No
EN S235JO,340,225,206000,80000,0.3,7860,No
EN P265GH,410,225,206000,80000,0.3,7860,No
EN S275JR,410,265,206000,80000,0.3,7860,No
EN S275J2G3,410,265,206000,80000,0.3,7860,No
EN S275J2HG3,410,265,206000,80000,0.3,7860,No
EN S355J2G3,490,345,206000,80000,0.3,7860,Yes
EN S355J2H,490,345,206000,80000,0.3,7860,Yes
EN S355JO,490,345,206000,80000,0.3,7860,Yes
EN S355JOH,490,345,206000,80000,0.3,7860,Yes
EN SPT410,410,255,206000,80000,0.3,7860,No
EN SPT510,510,345,206000,80000,0.3,7860,No
EN E295,470,285,206000,80000,0.3,7860,Yes
EN E355,570,325,206000,80000,0.3,7860,No
EN E360,690,355,206000,80000,0.3,7860,No
EN C10E,420,300,206000,80000,0.3,7860,Yes
EN C15E,440,340,206000,80000,0.3,7860,Yes
EN C22,470,290,206000,80000,0.3,7860,Yes
EN C25,500,320,206000,80000,0.3,7860,No
EN C30,550,350,206000,80000,0.3,7860,No
EN C35,600,380,206000,80000,0.3,7860,No
EN C40,630,400,206000,80000,0.3,7860,No
EN C45,650,430,206000,80000,0.3,7860,No
EN C50,700,460,206000,80000,0.3,7860,No
EN C55,750,490,206000,80000,0.3,7860,No
EN C60,800,520,206000,80000,0.3,7860,No
EN P295GH,460,290,206000,80000,0.3,7860,Yes
EN 28Mn6,700,490,206000,80000,0.3,7860,No
EN 17Cr3,580,340,206000,80000,0.3,7860,No
EN 34Cr4,800,590,206000,80000,0.3,7860,No
EN 37Cr4,850,630,206000,80000,0.3,7860,No
EN 41Cr4,900,660,206000,80000,0.3,7860,No
EN 16MnCr5,900,680,206000,80000,0.3,7860,No
EN 20MnCr5,980,680,206000,80000,0.3,7860,No
EN 16Mo3,440,270,206000,80000,0.3,7860,No
EN 13CrMo4,450,295,206000,80000,0.3,7860,Yes
EN 25CrMo4,800,600,206000,80000,0.3,7860,No
EN 34CrMo4,900,650,206000,80000,0.3,7860,No
EN 42CrMo4,1000,770,206000,80000,0.3,7860,No
EN S355J2G1W,490,345,206000,80000,0.3,7860,Yes
EN S355J0WP,490,345,206000,80000,0.3,7860,Yes
EN 51CrV4,900,700,206000,80000,0.3,7860,No
EN 10CrMo9-10,480,300,206000,80000,0.3,7860,Yes
EN 11CrMo9-10,520,310,206000,80000,0.3,7860,No
EN 16NiCr4,835,590,206000,80000,0.3,7860,No
EN 12Ni14,490,355,206000,80000,0.3,7860,Yes
EN 34CrNiMo6,1100,900,206000,80000,0.3,7860,No
EN 30CrNiMo8,1250,1050,206000,80000,0.3,7860,No
EN 12Ni19,530,390,206000,80000,0.3,7860,No
EN X8Ni9,680,585,206000,80000,0.3,7860,No
EN X6Cr13,400,230,206000,80000,0.3,7860,No
EN X12Cr13,650,450,206000,80000,0.3,7860,No
EN X20Cr13,700,500,206000,80000,0.3,7860,No
EN X30Cr13,850,650,206000,80000,0.3,7860,No
EN X6Cr17,400,240,206000,80000,0.3,7860,No
EN X17CrNi16-2,800,600,206000,80000,0.3,7860,No
EN X5CrNi18-10,500,190,206000,80000,0.3,7860,No
EN X8CrNiS18-9,500,190,206000,80000,0.3,7860,No
EN X6CrNiTi18-10,500,190,206000,80000,0.3,7860,No
EN X2CrNi19-11,460,180,206000,80000,0.3,7860,No
EN X2CrNiN18-10,550,270,206000,80000,0.3,7860,No
EN X5CrNiMo17-12-2,500,200,206000,80000,0.3,7860,No
EN X6CrNiMoTi17-12-2,500,200,206000,80000,0.3,7860,No
EN X2CrNiMo17-12-2,500,200,206000,80000,0.3,7860,No
EN X2CrNiMo18-14-3,500,200,206000,80000,0.3,7860,No
EN X3CrNiMo17-13-3,500,200,206000,80000,0.3,7860,No
EN X2CrNiMoN17-11-2,580,280,206000,80000,0.3,7860,No
EN X2CrNiMoN17-13-3,580,280,206000,80000,0.3,7860,No
EN X2CrNiMoN22-5-3,650,450,206000,80000,0.3,7860,No
EN X12CrMnNiN18-9-5,680,320,206000,80000,0.3,7860,No
Grey cast iron,150,150,85000,34000,0.25,7160,No
Grey cast iron,200,200,85000,34000,0.25,7160,No
Grey cast iron,250,250,85000,34000,0.25,7160,No
Grey cast iron,300,300,85000,34000,0.25,7160,No
Grey cast iron,350,350,85000,34000,0.25,7160,No
Nodular cast iron,500,320,169000,70000,0.2,7160,No
Nodular cast iron,600,370,169000,70000,0.2,7160,No
Nodular cast iron,700,420,169000,70000,0.2,7160,No
Nodular cast iron,800,480,169000,70000,0.2,7160,No
Malleable cast iron,400,180,160000,64000,0.27,7160,No
Malleable cast iron,500,260,160000,64000,0.27,7160,No
DIN 9SMn28,460,375,206000,80000,0.3,7860,No
DIN 10S2O,460,355,206000,80000,0.3,7860,Yes
DIN 35S20,580,365,206000,80000,0.3,7860,No
DIN USt1303,270,250,206000,80000,0.3,7860,No
DIN St1405,270,210,206000,80000,0.3,7860,No
DIN St1203,270,280,206000,80000,0.3,7860,No
DIN USt34-2,330,195,206000,80000,0.3,7860,No
DIN St34-2BK,410,320,206000,80000,0.3,7860,Yes
DIN St37.0,350,225,206000,80000,0.3,7860,No
DIN HI,360,225,206000,80000,0.3,7860,No
DIN St37-2,340,225,206000,80000,0.3,7860,No
DIN St37-2BK,440,350,206000,80000,0.3,7860,Yes
DIN RSt37-2,340,225,206000,80000,0.3,7860,No
DIN St37-3,340,225,206000,80000,0.3,7860,No
DIN HII,410,255,206000,80000,0.3,7860,No
DIN St44-2,410,265,206000,80000,0.3,7860,No
DIN St44.0,420,265,206000,80000,0.3,7860,No
DIN St44-3,410,265,206000,80000,0.3,7860,No
DIN St50-2,470,285,206000,80000,0.3,7860,Yes
DIN St52-3,490,345,206000,80000,0.3,7860,Yes
DIN St52.0,500,345,206000,80000,0.3,7860,No
DIN St52-3BK,590,470,206000,80000,0.3,7860,No
DIN St60-2,570,325,206000,80000,0.3,7860,No
DIN St70-2,670,355,206000,80000,0.3,7860,No
DIN Ck10,440,275,206000,80000,0.3,7860,No
DIN Ck15,495,295,206000,80000,0.3,7860,No
DIN Ck22,500,300,206000,80000,0.3,7860,No
DIN Ck25,500,320,206000,80000,0.3,7860,No
DIN Ck30,550,350,206000,80000,0.3,7860,No
DIN Ck35,600,370,206000,80000,0.3,7860,No
DIN Cf35,580,360,206000,80000,0.3,7860,No
DIN Ck40,630,400,206000,80000,0.3,7860,No
DIN Ck45,535,320,206000,80000,0.3,7860,No
DIN Ck45,650,430,206000,80000,0.3,7860,No
DIN Cf45,660,410,206000,80000,0.3,7860,No
DIN Ck50,700,460,206000,80000,0.3,7860,No
DIN Cf53,690,430,206000,80000,0.3,7860,No
DIN Ck55,750,500,206000,80000,0.3,7860,No
DIN Ck60,680,400,206000,80000,0.3,7860,No
DIN Ck60,800,520,206000,80000,0.3,7860,No
DIN Ck60,800,520,206000,80000,0.3,7860,No
DIN 17Mn4,460,290,206000,80000,0.3,7860,Yes
DIN 28Mn6,690,490,206000,80000,0.3,7860,No
DIN 17Cr3,590,340,206000,80000,0.3,7860,No
DIN 34Cr4,800,590,206000,80000,0.3,7860,No
DIN 37Cr4,850,630,206000,80000,0.3,7860,No
DIN 37Cr4,850,630,206000,80000,0.3,7860,No
DIN 37Cr4,1700,1300,206000,80000,0.3,7860,No
DIN 38Cr4,830,630,206000,80000,0.3,7860,No
DIN 41Cr4,900,660,206000,80000,0.3,7860,No
DIN 42Cr4,880,670,206000,80000,0.3,7860,No
DIN 37CrS4,850,630,206000,80000,0.3,7860,No
DIN 41CrS4,880,665,206000,80000,0.3,7860,No
DIN 55Cr3,1450,1270,206000,80000,0.3,7860,No
DIN 16MnCr5,900,680,206000,80000,0.3,7860,No
DIN 20MnCr5,980,680,206000,80000,0.3,7860,No
DIN 54SiCr6,1370,1180,206000,80000,0.3,7860,No
DIN 15Mo3,440,270,206000,80000,0.3,7860,No
DIN 13CrMo4,450,295,206000,80000,0.3,7860,Yes
DIN WTSt52-3,490,345,206000,80000,0.3,7860,Yes
DIN 25CrMo4,800,600,206000,80000,0.3,7860,No
DIN 34CrMo4,900,650,206000,80000,0.3,7860,No
DIN 42CrMo4,1000,750,206000,80000,0.3,7860,No
DIN 41CrMo4,980,760,206000,80000,0.3,7860,No
DIN 49CrMo4,880,690,206000,80000,0.3,7860,No
DIN 30CrV9,800,600,206000,80000,0.3,7860,No
DIN 42CrV6,980,850,206000,80000,0.3,7860,No
DIN 42CrV6,980,850,206000,80000,0.3,7860,No
DIN 50CrV4,1370,1180,206000,80000,0.3,7860,No
DIN 10CrMo9-10,480,300,206000,80000,0.3,7860,Yes
DIN 41CrAlMo7,930,735,206000,80000,0.3,7860,No
DIN 32CrMo12,1230,1030,206000,80000,0.3,7860,No
DIN 31CrMo12,1000,750,206000,80000,0.3,7860,No
DIN 17CrNiMo6,1080,785,206000,80000,0.3,7860,No
DIN 10Ni14,490,355,206000,80000,0.3,7860,Yes
DIN 34CrNiMo6,1100,900,206000,80000,0.3,7860,No
DIN 30CrNiMo8,1250,1050,206000,80000,0.3,7860,No
DIN 12Ni19,530,390,206000,80000,0.3,7860,No
DIN X8Ni9,680,585,206000,80000,0.3,7860,No
DIN X6Cr13,400,250,206000,80000,0.3,7860,No
DIN X6Cr17,450,270,206000,80000,0.3,7860,No
DIN X10Cr13,600,420,206000,80000,0.3,7860,No
DIN X20Cr13,650,450,206000,80000,0.3,7860,No
DIN X30Cr13,800,600,206000,80000,0.3,7860,No
DIN X45CrSi93,900,700,206000,80000,0.3,7860,No
DIN X6CrAl13,400,250,206000,80000,0.3,7860,No
DIN X20CrNi172,750,550,206000,80000,0.3,7860,No
DIN X85CrMoV182,1000,800,206000,80000,0.3,7860,No
DIN X5CrNi1810,500,195,206000,80000,0.3,7860,No
DIN X10CrNiS189,500,195,206000,80000,0.3,7860,No
DIN X6CrNiTi1810,500,200,206000,80000,0.3,7860,No
DIN X2CrNi1911,460,180,206000,80000,0.3,7860,No
DIN X2CrNiN1810,550,270,206000,80000,0.3,7860,No
DIN X5CrNiMo17122,510,205,206000,80000,0.3,7860,No
DIN X6CrNiMoTi17122,500,210,206000,80000,0.3,7860,No
DIN X2CrNiMo17132,490,190,206000,80000,0.3,7860,No
DIN X2CrNiMo18143,490,190,206000,80000,0.3,7860,No
DIN X5CrNiMo17133,510,205,206000,80000,0.3,7860,No
DIN X2CrNiMoN17122,580,280,206000,80000,0.3,7860,No
DIN X2CrNiMoN17133,580,295,206000,80000,0.3,7860,No
DIN X2CrNiMoN17135,580,285,206000,80000,0.3,7860,No
DIN X8CrMnNi188,590,295,206000,80000,0.3,7860,No
DIN X53CrMnNiN219,950,580,206000,80000,0.3,7860,No
DIN GG - 15,150,150,85000,34000,0.25,7160,No
DIN GG - 20,200,200,85000,34000,0.25,7160,No
DIN GG - 25,250,250,85000,34000,0.25,7160,No
DIN GG - 30,300,300,85000,34000,0.25,7160,No
DIN GG - 35,350,350,85000,34000,0.25,7160,No
DIN GGG - 50,500,320,169000,70000,0.2,7160,No
DIN GGG - 60,600,370,169000,70000,0.2,7160,No
DIN GGG - 70,700,420,169000,70000,0.2,7160,No
DIN GGG - 80,800,480,169000,70000,0.2,7160,No
DIN GTS - 40,400,180,160000,64000,0.27,7160,No
DIN GTS - 50,500,260,160000,64000,0.27,7160,No
BS 230M07,430,300,206000,80000,0.3,7860,Yes
BS 212M36,635,370,206000,80000,0.3,7860,No
BS CR3GP,280,140,206000,80000,0.3,7860,No
BS CR2PL,280,140,206000,80000,0.3,7860,No
BS CR4GP,280,140,206000,80000,0.3,7860,No
BS CEW2BK,420,355,206000,80000,0.3,7860,Yes
BS CFS3NBK,360,215,206000,80000,0.3,7860,No
BS Grade 360,360,225,206000,80000,0.3,7860,No
BS CEW3BK,450,360,206000,80000,0.3,7860,No
BS 40B,340,225,206000,80000,0.3,7860,No
BS 40C,340,225,206000,80000,0.3,7860,No
BS Grade 430,410,225,206000,80000,0.3,7860,No
BS 43B,430,245,206000,80000,0.3,7860,No
BS CFS6NBK,460,280,206000,80000,0.3,7860,Yes
BS 43D,430,245,206000,80000,0.3,7860,No
BS 50B,490,355,206000,80000,0.3,7860,Yes
BS 50C,490,355,206000,80000,0.3,7860,Yes
BS 50D,490,355,206000,80000,0.3,7860,Yes
BS CFS8NBK,540,340,206000,80000,0.3,7860,No
BS CEW5BK,600,480,206000,80000,0.3,7860,No
BS 55C,550,430,206000,80000,0.3,7860,No
BS 55E,550,430,206000,80000,0.3,7860,No
BS 070M26,490,245,206000,80000,0.3,7860,No
BS 080M30,550,310,206000,80000,0.3,7860,No
BS 080M36,625,370,206000,80000,0.3,7860,No
BS 080A35,625,370,206000,80000,0.3,7860,No
BS 080M40,625,355,206000,80000,0.3,7860,No
BS 080M46,625,340,206000,80000,0.3,7860,No
BS 060A47,700,400,206000,80000,0.3,7860,No
BS 080M50,625,360,206000,80000,0.3,7860,No
BS 060A57,775,450,206000,80000,0.3,7860,No
BS 070M55,775,450,206000,80000,0.3,7860,No
BS 150M19,550,325,206000,80000,0.3,7860,No
BS 251A58,1300,1100,206000,80000,0.3,7860,No
BS 530A36,700,510,206000,80000,0.3,7860,No
BS 530M40,775,570,206000,80000,0.3,7860,No
BS 530M40,850,665,206000,80000,0.3,7860,No
BS 525A60,1380,1180,206000,80000,0.3,7860,No
BS 708A25,850,665,206000,80000,0.3,7860,No
BS 708A37,850,665,206000,80000,0.3,7860,No
BS 708M40,850,665,206000,80000,0.3,7860,No
BS 708M40,925,740,206000,80000,0.3,7860,No
BS 735A51,1370,1180,206000,80000,0.3,7860,No
BS 905M39,775,570,206000,80000,0.3,7860,No
BS 722M22,850,665,206000,80000,0.3,7860,No
BS 722M24,850,685,206000,80000,0.3,7860,No
BS 817M40,1075,925,206000,80000,0.3,7860,No
BS 403S17,420,245,206000,80000,0.3,7860,No
BS 410S21,550,340,206000,80000,0.3,7860,No
BS 420S37,700,490,206000,80000,0.3,7860,No
BS 430S17,430,245,206000,80000,0.3,7860,No
BS 401S45,900,685,206000,80000,0.3,7860,No
BS 431S29,850,635,206000,80000,0.3,7860,No
BS 304S15,480,195,206000,80000,0.3,7860,No
BS 303S31,510,190,206000,80000,0.3,7860,No
BS 321S31,490,195,206000,80000,0.3,7860,No
BS 304S11,480,180,206000,80000,0.3,7860,No
BS 310S31,510,205,206000,80000,0.3,7860,No
BS 316S11,490,190,206000,80000,0.3,7860,No
BS 316S31,510,205,206000,80000,0.3,7860,No
BS 349S54,950,580,206000,80000,0.3,7860,No
Grey cast iron,150,150,85000,34000,0.25,7160,No
Grey cast iron,200,200,85000,34000,0.25,7160,No
Grey cast iron,250,250,85000,34000,0.25,7160,No
Grey cast iron,300,300,85000,34000,0.25,7160,No
Grey cast iron,350,350,85000,34000,0.25,7160,No
Nodular cast iron,500,320,169000,70000,0.2,7160,No
Nodular cast iron,600,370,169000,70000,0.2,7160,No
Nodular cast iron,700,420,169000,70000,0.2,7160,No
Nodular cast iron,800,480,169000,70000,0.2,7160,No
Malleable cast iron,400,180,160000,64000,0.27,7160,No
Malleable cast iron,500,260,160000,64000,0.27,7160,No
CSN 10370,350,200,206000,80000,0.3,7860,No
CSN 11110,400,226,206000,80000,0.3,7860,No
CSN 11110,471,373,206000,80000,0.3,7860,No
CSN 11120,400,255,206000,80000,0.3,7860,No
CSN 11140,660,520,206000,80000,0.3,7860,No
CSN 11301,280,200,206000,80000,0.3,7860,No
CSN 11305,290,215,206000,80000,0.3,7860,No
CSN 11321,280,200,206000,80000,0.3,7860,No
CSN 11343,330,195,206000,80000,0.3,7860,No
CSN 11353,340,225,206000,80000,0.3,7860,No
CSN 11368,350,225,206000,80000,0.3,7860,No
CSN 11373,340,225,206000,80000,0.3,7860,No
CSN 11378,360,235,206000,80000,0.3,7860,No
CSN 11418,410,255,206000,80000,0.3,7860,No
CSN 11423,420,240,206000,80000,0.3,7860,No
CSN 11448,430,285,206000,80000,0.3,7860,Yes
CSN 11453,440,265,206000,80000,0.3,7860,No
CSN 11500,490,265,206000,80000,0.3,7860,No
CSN 11503,490,340,206000,80000,0.3,7860,Yes
CSN 11523,510,345,206000,80000,0.3,7860,No
CSN 11600,590,315,206000,80000,0.3,7860,No
CSN 11600,590,315,206000,80000,0.3,7860,No
CSN 11700,686,355,206000,80000,0.3,7860,No
CSN 11700,686,355,206000,80000,0.3,7860,No
CSN 12010,490,325,206000,80000,0.3,7860,Yes
CSN 12020,550,350,206000,80000,0.3,7860,No
CSN 12020,490,295,206000,80000,0.3,7860,Yes
CSN 12024,480,300,206000,80000,0.3,7860,Yes
CSN 12030,500,320,206000,80000,0.3,7860,No
CSN 12031,550,350,206000,80000,0.3,7860,No
CSN 12040,600,370,206000,80000,0.3,7860,No
CSN 12041,630,400,206000,80000,0.3,7860,No
CSN 12050,530,305,206000,80000,0.3,7860,No
CSN 12050,640,390,206000,80000,0.3,7860,No
CSN 12051,690,440,206000,80000,0.3,7860,No
CSN 12060,750,480,206000,80000,0.3,7860,No
CSN 12061,800,500,206000,80000,0.3,7860,No
CSN 12071,1770,1470,206000,80000,0.3,7860,No
CSN 13030,460,285,206000,80000,0.3,7860,Yes
CSN 13141,690,490,206000,80000,0.3,7860,No
CSN 13180,1570,1320,206000,80000,0.3,7860,No
CSN 13220,670,430,206000,80000,0.3,7860,No
CSN 13221,680,440,206000,80000,0.3,7860,No
CSN 13240,780,540,206000,80000,0.3,7860,No
CSN 13242,880,685,206000,80000,0.3,7860,No
CSN 13251,1270,1080,206000,80000,0.3,7860,No
CSN 13270,1420,1210,206000,80000,0.3,7860,No
CSN 14120,588,343,206000,80000,0.3,7860,No
CSN 14140,883,637,206000,80000,0.3,7860,No
CSN 14140,932,785,206000,80000,0.3,7860,No
CSN 14140,1716,1373,206000,80000,0.3,7860,No
CSN 14141,883,687,206000,80000,0.3,7860,No
CSN 14146,932,785,206000,80000,0.3,7860,No
CSN 14148,657,490,206000,80000,0.3,7860,No
CSN 14220,900,680,206000,80000,0.3,7860,No
CSN 14220,785,588,206000,80000,0.3,7860,No
CSN 14221,981,686,206000,80000,0.3,7860,No
CSN 14223,883,687,206000,80000,0.3,7860,No
CSN 14230,981,794,206000,80000,0.3,7860,No
CSN 14260,1370,1175,206000,80000,0.3,7860,No
CSN 14262,1470,1275,206000,80000,0.3,7860,No
CSN 15020,440,265,206000,80000,0.3,7860,No
CSN 15121,430,295,206000,80000,0.3,7860,Yes
CSN 15127,470,345,206000,80000,0.3,7860,Yes
CSN 15130,690,490,206000,80000,0.3,7860,No
CSN 15131,930,735,206000,80000,0.3,7860,No
CSN 15141,880,665,206000,80000,0.3,7860,No
CSN 15142,1000,750,206000,80000,0.3,7860,No
CSN 15217,470,345,206000,80000,0.3,7860,Yes
CSN 15222,690,490,206000,80000,0.3,7860,No
CSN 15230,1000,850,206000,80000,0.3,7860,No
CSN 15230,780,635,206000,80000,0.3,7860,No
CSN 15241,1177,981,206000,80000,0.3,7860,No
CSN 15241,1716,1373,206000,80000,0.3,7860,No
CSN 15241,1177,981,206000,80000,0.3,7860,No
CSN 15260,900,700,206000,80000,0.3,7860,No
CSN 15313,480,265,206000,80000,0.3,7860,No
CSN 15330,834,637,206000,80000,0.3,7860,No
CSN 15340,981,785,206000,80000,0.3,7860,No
CSN 15432,690,490,206000,80000,0.3,7860,No
CSN 16220,883,637,206000,80000,0.3,7860,No
CSN 16223,835,590,206000,80000,0.3,7860,No
CSN 16321,880,635,206000,80000,0.3,7860,No
CSN 16326,1080,785,206000,80000,0.3,7860,No
CSN 16329,440,285,206000,80000,0.3,7860,Yes
CSN 16343,1100,900,206000,80000,0.3,7860,No
CSN 16420,932,785,206000,80000,0.3,7860,No
CSN 16430,1080,880,206000,80000,0.3,7860,No
CSN 16527,590,390,206000,80000,0.3,7860,No
CSN 16640,1569,1275,206000,80000,0.3,7860,No
CSN 17020,441,245,206000,80000,0.3,7860,No
CSN 17021,590,415,206000,80000,0.3,7860,No
CSN 17022,690,455,206000,80000,0.3,7860,No
CSN 17023,740,495,206000,80000,0.3,7860,No
CSN 17040,440,265,206000,80000,0.3,7860,No
CSN 17041,440,295,206000,80000,0.3,7860,Yes
CSN 17113,441,245,206000,80000,0.3,7860,No
CSN 17115,930,685,206000,80000,0.3,7860,No
CSN 17125,460,270,206000,80000,0.3,7860,No
CSN 17145,800,560,206000,80000,0.3,7860,No
CSN 17150,900,650,206000,80000,0.3,7860,No
CSN 17240,490,186,206000,80000,0.3,7860,No
CSN 17241,530,195,206000,80000,0.3,7860,No
CSN 17243,500,190,206000,80000,0.3,7860,No
CSN 17246,550,210,206000,80000,0.3,7860,No
CSN 17247,500,195,206000,80000,0.3,7860,No
CSN 17248,500,205,206000,80000,0.3,7860,No
CSN 17249,440,175,206000,80000,0.3,7860,No
CSN 17251,650,350,206000,80000,0.3,7860,No
CSN 17253,700,350,206000,80000,0.3,7860,No
CSN 17255,600,250,206000,80000,0.3,7860,No
CSN 17256,500,230,206000,80000,0.3,7860,No
CSN 17259,540,265,206000,80000,0.3,7860,No
CSN 17265,550,230,206000,80000,0.3,7860,No
CSN 17346,550,205,206000,80000,0.3,7860,No
CSN 17348,550,215,206000,80000,0.3,7860,No
CSN 17359,540,275,206000,80000,0.3,7860,No
CSN 17460,635,295,206000,80000,0.3,7860,No
CSN 17465,980,590,206000,80000,0.3,7860,No
CSN 17501,640,490,206000,80000,0.3,7860,No
CSN 422303,360,240,169000,70000,0.2,7160,No
CSN 422304,420,270,169000,70000,0.2,7160,No
CSN 422305,500,320,169000,70000,0.2,7160,No
CSN 422306,600,370,169000,70000,0.2,7160,No
CSN 422307,700,420,169000,70000,0.2,7160,No
CSN 422308,800,480,169000,70000,0.2,7160,No
CSN 422410,100,100,80000,32000,0.25,7160,No
CSN 422415,150,150,85000,34000,0.25,7160,No
CSN 422420,200,200,91000,36400,0.25,7160,No
CSN 422425,250,250,105000,42000,0.25,7160,No
CSN 422430,300,300,110000,44000,0.25,7160,No
CSN 422435,350,350,115000,46000,0.25,7160,No
CSN 422540,400,180,160000,64000,0.27,7160,No
CSN 422555,580,300,160000,64000,0.27,7160,No
CSN 422630,363,200,206000,80000,0.3,7160,No
CSN 422640,441,240,206000,80000,0.3,7160,No
CSN 422650,490,260,206000,80000,0.3,7160,No
CSN 242660,588,300,206000,80000,0.3,7160,No
CSN 422670,686,350,206000,80000,0.3,7160,No
CSN 422709,530,300,206000,80000,0.3,7160,No
CSN 422712,422,250,206000,80000,0.3,7160,No
CSN 422713,490,290,206000,80000,0.3,7160,Yes
CSN 422724,637,420,206000,80000,0.3,7160,No
CSN 422735,785,520,206000,80000,0.3,7160,No
CSN 422739,830,550,206000,80000,0.3,7160,No
CSN 422753,981,650,206000,80000,0.3,7160,No
CSN 422906,550,390,206000,80000,0.3,7160,No
CSN 422912,500,320,206000,80000,0.3,7160,No
CSN 423042,380,265,120000,45000,0.31,8800,No
CSN 423044,380,265,120000,45000,0.31,8800,No
CSN 423045,380,265,120000,45000,0.31,8800,No
CSN 423047,380,265,120000,45000,0.31,8800,No
CSN 423115,180,160,105000,40000,0.31,8800,No
CSN 423119,180,160,105000,40000,0.31,8800,No
CSN 423123,180,160,105000,40000,0.31,8800,No
CSN 423135,150,120,105000,40000,0.31,8800,No
CSN 423137,170,100,105000,40000,0.31,8800,No
CSN 423145,400,130,120000,45000,0.32,8800,No
CSN 423147,400,130,120000,45000,0.32,8800,No
CSN 423210,330,100,100000,37000,0.34,8500,No
CSN 423212,330,100,100000,37000,0.34,8500,No
CSN 423213,330,100,100000,37000,0.34,8500,No
CSN 423214,330,100,100000,37000,0.34,8500,No
CSN 423256,350,255,100000,37000,0.34,8500,No
CSN 423311,600,350,100000,37000,0.34,8500,No
CSN 424201,400,230,73000,26000,0.33,2700,No
CSN 424203,430,230,73000,26000,0.33,2700,No
CSN 424204,430,230,73000,26000,0.33,2700,No
CSN 424250,340,190,73000,26000,0.33,2700,No
CSN 424401,280,100,73000,26000,0.33,2700,No
CSN 424413,200,110,73000,26000,0.33,2700,No
CSN 424415,200,110,73000,26000,0.33,2700,No
Steel ST3KP GOST 380-94,360,235,201000,78000,0.29,7856,No
Steel ST3PC GOST 380-94,370,245,201000,78000,0.29,7856,No
Steel ST3CP GOST 380-94,380,255,201000,78000,0.29,7856,No
Steel ST4KP GOST 380-94,400,255,201000,78000,0.29,7856,No
Steel ST4PS GOST 380-94,410,265,201000,78000,0.29,7856,No
Steel ST4SP GOST 380-94,410,265,201000,78000,0.29,7856,No
Steel ST5PS GOST 380-94,490,285,201000,78000,0.29,7856,Yes
Steel ST5SP GOST 380-94,490,295,201000,78000,0.29,7856,Yes
Steel ST6PS GOST 380-94,590,315,201000,78000,0.29,7856,No
Steel ST6SP GOST 380-94,600,320,201000,78000,0.29,7856,No
Steel S235 GOST 27772-88,360,225,206000,80000,0.3,7860,No
Steel S245 GOST 27772-88,370,235,206000,80000,0.3,7860,No
Steel S255 GOST 27772-88,370,245,206000,80000,0.3,7860,No
Steel S285 GOST 27772-88,390,265,206000,80000,0.3,7860,No
Steel S345 GOST 27772-88,450,325,206000,80000,0.3,7860,Yes
Steel S375 GOST 27772-88,480,335,206000,80000,0.3,7860,Yes
Steel 08 GOST 1050-88,320,196,203000,78000,0.3,7871,No
Steel 10 GOST 1050-88,330,205,206000,79000,0.3,7856,No
Steel 10 GOST 1050-88,400,250,206000,79000,0.3,7856,No
Steel 10 GOST 1050-88,410,250,206000,79000,0.3,7856,No
Steel 10 GOST 1050-88,290,190,206000,79000,0.3,7856,No
Steel 15 GOST 1050-88,370,225,201000,78000,0.29,7850,No
Steel 15 GOST 1050-88,450,250,201000,78000,0.29,7850,No
Steel 15 GOST 1050-88,440,340,201000,78000,0.29,7850,Yes
Steel 15 GOST 1050-88,340,220,201000,78000,0.29,7850,No
Steel 20 GOST 1050-88,410,245,212000,82000,0.29,7859,No
Steel 20 GOST 1050-88,500,300,212000,82000,0.29,7859,No
Steel 20 GOST 1050-88,490,300,212000,82000,0.29,7859,Yes
Steel 20 GOST 1050-88,390,240,212000,82000,0.29,7859,No
Steel 25 GOST 1050-88,450,275,198000,77000,0.29,7820,No
Steel 25 GOST 1050-88,550,350,198000,77000,0.29,7820,No
Steel 25 GOST 1050-88,540,350,198000,77000,0.29,7820,No
Steel 25 GOST 1050-88,410,270,198000,77000,0.29,7820,No
Steel 30 GOST 1050-88,490,295,200000,77000,0.3,7850,Yes
Steel 30 GOST 1050-88,600,350,200000,77000,0.3,7850,No
Steel 30 GOST 1050-88,560,340,200000,77000,0.3,7850,No
Steel 30 GOST 1050-88,440,290,200000,77000,0.3,7850,Yes
Steel 30 GOST 1050-88,575,295,200000,77000,0.3,7850,No
Steel 35 GOST 1050-88,530,315,206000,79000,0.3,7826,No
Steel 35 GOST 1050-88,650,380,206000,79000,0.3,7826,No
Steel 35 GOST 1050-88,1000,650,206000,79000,0.3,7826,No
Steel 35 GOST 1050-88,590,350,206000,79000,0.3,7826,No
Steel 35 GOST 1050-88,470,310,206000,79000,0.3,7826,Yes
Steel 35 GOST 1050-88,625,315,206000,79000,0.3,7826,No
Steel 40 GOST 1050-88,570,335,212000,82000,0.29,7850,No
Steel 40 GOST 1050-88,700,400,212000,82000,0.29,7850,No
Steel 40 GOST 1050-88,1000,650,212000,82000,0.29,7850,No
Steel 40 GOST 1050-88,610,380,212000,82000,0.29,7850,No
Steel 40 GOST 1050-88,510,330,212000,82000,0.29,7850,No
Steel 40 GOST 1050-88,675,355,212000,82000,0.29,7850,No
Steel 45 GOST 1050-88,600,355,200000,77000,0.3,7810,No
Steel 45 GOST 1050-88,750,450,200000,77000,0.3,7810,No
Steel 45 GOST 1050-88,900,650,200000,77000,0.3,7810,No
Steel 45 GOST 1050-88,1000,700,200000,77000,0.3,7810,No
Steel 45 GOST 1050-88,1200,950,200000,77000,0.3,7810,No
Steel 45 GOST 1050-88,750,450,200000,77000,0.3,7810,No
Steel 45 GOST 1050-88,640,440,200000,77000,0.3,7810,No
Steel 45 GOST 1050-88,540,350,200000,77000,0.3,7810,No
Steel 45 GOST 1050-88,705,375,200000,77000,0.3,7810,No
Steel 50 GOST 1050-88,600,355,216000,83000,0.3,7810,No
Steel 50 GOST 1050-88,900,700,216000,83000,0.3,7810,No
Steel 50 GOST 1050-88,660,450,216000,83000,0.3,7810,No
Steel 50 GOST 1050-88,560,370,216000,83000,0.3,7810,No
Steel 50 GOST 1050-88,725,400,216000,83000,0.3,7810,No
Steel 55 GOST 1050-88,630,375,210000,81000,0.3,7820,No
Steel 55 GOST 1050-88,775,420,210000,81000,0.3,7820,No
Steel 60 GOST 1050-88,680,400,204000,79000,0.29,7810,No
Steel 60 GOST 1050-88,825,450,204000,79000,0.29,7810,No
Steel 20G GOST 1050-88,460,280,204000,79000,0.29,7820,Yes
Steel 20G GOST 1050-88,570,420,204000,79000,0.29,7820,No
Steel 30G GOST 1050-88,550,320,200000,77000,0.3,7810,No
Steel 30G GOST 1050-88,680,560,200000,77000,0.3,7810,No
Steel 40G GOST 1050-88,600,360,204000,79000,0.29,7810,No
Steel 40G GOST 1050-88,840,590,204000,79000,0.29,7810,No
Steel 50G GOST 1050-88,660,400,216000,84000,0.29,7810,No
Steel 50G GOST 1050-88,820,560,216000,84000,0.29,7810,No
Steel 65G GOST 1050-88,750,440,215000,83000,0.3,7850,No
Steel 65G GOST 1050-88,900,700,215000,83000,0.3,7850,No
Steel 65G GOST 1050-88,1500,1250,215000,83000,0.3,7850,No
Steel A11 GOST 1414-75,490,390,216000,83000,0.3,7860,No
Steel A12 GOST 1414-75,510,390,216000,83000,0.3,7860,No
Steel A12 GOST 1414-75,460,390,216000,83000,0.3,7860,No
Steel A20 GOST 1414-75,530,390,216000,83000,0.3,7860,No
Steel A30 GOST 1414-75,540,390,216000,83000,0.3,7860,No
Steel A35 GOST 1414-75,570,390,216000,83000,0.3,7860,No
Steel 15Ch GOST 4543-71,690,490,206000,80000,0.29,7860,No
Steel 20Ch GOST 4543-71,780,635,216000,83000,0.3,7830,No
Steel 20Ch GOST 4543-71,600,300,216000,83000,0.3,7830,No
Steel 20Ch GOST 4543-71,700,500,216000,83000,0.3,7830,No
Steel 20Ch GOST 4543-71,850,630,216000,83000,0.3,7830,No
Steel 30Ch GOST 4543-71,880,685,208000,80000,0.3,7820,No
Steel 35Ch GOST 4543-71,910,735,214000,83000,0.29,7850,No
Steel 40Ch GOST 4543-71,980,785,214000,83000,0.29,7850,No
Steel 40Ch GOST 4543-71,630,330,214000,83000,0.29,7850,No
Steel 40Ch GOST 4543-71,800,650,214000,83000,0.29,7850,No
Steel 40Ch GOST 4543-71,1100,900,214000,83000,0.29,7850,No
Steel 40Ch GOST 4543-71,1300,1100,214000,83000,0.29,7850,No
Steel 45Ch GOST 4543-71,1030,835,206000,79000,0.3,7820,No
Steel 45Ch GOST 4543-71,650,350,206000,79000,0.3,7820,No
Steel 45Ch GOST 4543-71,950,750,206000,79000,0.3,7820,No
Steel 45Ch GOST 4543-71,1400,1200,206000,79000,0.3,7820,No
Steel 50Ch GOST 4543-71,1080,885,207000,80000,0.29,7860,No
Steel 50Ch GOST 4543-71,650,350,207000,80000,0.29,7860,No
Steel 50Ch GOST 4543-71,1500,1300,207000,80000,0.29,7860,No
Steel 10G2 GOST 4543-71,430,250,204000,79000,0.29,7790,No
Steel 35G2 GOST 4543-71,630,370,204000,79000,0.29,7790,No
Steel 35G2 GOST 4543-71,800,650,204000,79000,0.29,7790,No
Steel 40G2 GOST 4543-71,670,390,212000,82000,0.29,7800,No
Steel 40G2 GOST 4543-71,1120,950,212000,82000,0.29,7800,No
Steel 45G2 GOST 4543-71,700,410,204000,79000,0.29,7810,No
Steel 45G2 GOST 4543-71,850,700,204000,79000,0.29,7810,No
Steel 33ChS GOST 4543-71,600,300,214000,83000,0.29,7640,No
Steel 33ChS GOST 4543-71,900,700,214000,83000,0.29,7640,No
Steel 38ChS GOST 4543-71,950,750,211000,82000,0.29,7640,No
Steel 30ChMA GOST 4543-71,930,735,208000,80000,0.3,7820,No
Steel 30ChM GOST 4543-71,950,750,208000,80000,0.3,7820,No
Steel 35ChM GOST 4543-71,930,835,213000,82000,0.3,7820,No
Steel 35ChM GOST 4543-71,1000,850,213000,82000,0.3,7820,No
Steel 35ChM GOST 4543-71,1600,1400,213000,82000,0.3,7820,No
Steel 18ChG GOST 4543-71,800,735,213000,82000,0.3,7820,No
Steel 18ChGT GOST 4543-71,700,430,211000,82000,0.29,7800,No
Steel 18ChGT GOST 4543-71,1000,800,211000,82000,0.29,7800,No
Steel 30ChGT GOST 4543-71,1250,1050,212000,82000,0.29,7800,No
Steel 30ChGT GOST 4543-71,1100,800,212000,82000,0.29,7800,No
Steel 20ChGSA GOST 4543-71,780,635,213000,82000,0.3,7760,No
Steel 20ChGSA GOST 4543-71,800,650,213000,82000,0.3,7760,No
Steel 20ChGNR GOST 4543-71,1300,1200,213000,82000,0.3,7800,No
Steel 20ChGNR GOST 4543-71,1450,1400,213000,82000,0.3,7800,No
Steel 40ChFA GOST 4543-71,900,750,215000,83000,0.3,7810,No
Steel 40ChFA GOST 4543-71,1600,1300,215000,83000,0.3,7810,No
Steel 30ChGS GOST 4543-71,1080,835,213000,82000,0.3,7850,No
Steel 20ChN GOST 4543-71,780,590,200000,77000,0.3,7850,No
Steel 40ChN GOST 4543-71,980,785,200000,77000,0.3,7850,No
Steel 40ChN GOST 4543-71,780,460,200000,77000,0.3,7850,No
Steel 40ChN GOST 4543-71,1200,1000,200000,77000,0.3,7850,No
Steel 45ChN GOST 4543-71,1030,835,200000,77000,0.3,7820,No
Steel 50ChN GOST 4543-71,1080,885,200000,77000,0.3,7860,No
Steel 30ChN3A GOST 4543-71,980,785,215000,83000,0.3,7850,No
Steel 12ChN2 GOST 4543-71,800,600,211000,82000,0.29,7880,No
Steel 12ChN2 GOST 4543-71,800,600,211000,82000,0.29,7880,No
Steel 12ChN3A GOST 4543-71,950,700,200000,77000,0.3,7850,No
Steel 12ChN3A GOST 4543-71,1000,850,200000,77000,0.3,7850,No
Steel 20Ch2N4A GOST 4543-71,680,450,203000,78000,0.3,7850,No
Steel 20Ch2N4A GOST 4543-71,1100,850,203000,78000,0.3,7850,No
Steel 20Ch2N4A GOST 4543-71,1300,1100,203000,78000,0.3,7850,No
Steel 30ChGS GOST 4543-71,600,360,213000,82000,0.3,7850,No
Steel 30ChGSA GOST 4543-71,1100,850,215000,83000,0.3,7850,No
Steel 30ChGSA GOST 4543-71,1500,1300,215000,83000,0.3,7850,No
Steel 38Ch210 GOST 4543-71,800,700,215000,83000,0.3,7850,No
Steel 38ChA GOST 4543-71,930,785,206000,80000,0.29,7860,No
Steel 38Ch2MJuA GOST 4543-71,980,835,206000,80000,0.3,7860,No
Steel 12MCh GOST 20072-74,410,235,212000,82000,0.29,7850,No
Steel 12Ch1MF GOST 20072-74,470,255,198000,77000,0.29,7800,No
Steel 20Ch1M1F1TR GOST 20072-74,780,665,200000,77000,0.3,7800,No
Steel 20Ch1M1F1BR GOST 20072-74,780,665,200000,77000,0.3,7800,No
Steel 25Ch1MF GOST 20072-74,880,735,213000,82000,0.3,7840,No
Steel 25Ch1MF GOST 20072-74,780,665,213000,82000,0.3,7840,No
Steel 18Ch3MV GOST 20072-74,640,440,200000,77000,0.3,7850,No
Steel 20Ch3MVF GOST 20072-74,880,735,207000,80000,0.29,7800,No
Steel 15Ch5 GOST 20072-74,390,165,215000,83000,0.3,7630,No
Steel 15Ch5M GOST 20072-74,390,215,211000,82000,0.29,7750,No
Steel 15Ch5VF GOST 20072-74,390,215,200000,77000,0.3,7850,No
Steel 12Ch8VF GOST 20072-74,390,165,200000,77000,0.3,7850,No
Steel 13Ch14N3V2FR GOST 5949-75,930,735,200000,77000,0.3,7850,No
Steel 13Ch14N3V2FR GOST 5949-75,1130,885,200000,77000,0.3,7850,No
Steel 10Ch11N23T3MR GOST 5949-75,880,590,200000,77000,0.3,8120,No
Steel 10Ch11N23T3MR GOST 5949-75,980,685,200000,77000,0.3,8120,No
Steel 12Ch18N10T GOST 5949-75,510,196,215000,83000,0.3,7630,No
Steel 12Ch18N9T GOST 5949-75,540,196,195000,75000,0.3,7900,No
Steel 12Ch18N12T GOST 5949-75,540,196,200000,77000,0.3,7850,No
Steel 12Ch25N16G7AR GOST 5949-75,690,325,216000,84000,0.29,7670,No
Steel 20 GOST 1577-93,475,230,206000,80000,0.29,7860,No
Steel 20 GOST 1577-93,450,210,206000,80000,0.29,7860,No
Steel 20 GOST 1577-93,625,350,206000,80000,0.29,7860,No
Steel 20 GOST 1577-93,575,300,206000,80000,0.29,7860,No
Steel 25 GOST 1577-93,495,260,206000,80000,0.29,7860,No
Steel 25 GOST 1577-93,495,240,206000,80000,0.29,7860,No
Steel 25 GOST 1577-93,475,220,206000,80000,0.29,7860,No
Steel 25 GOST 1577-93,625,370,206000,80000,0.29,7860,No
Steel 25 GOST 1577-93,575,320,206000,80000,0.29,7860,No
Steel 30 GOST 1577-93,540,280,206000,80000,0.29,7860,No
Steel 30 GOST 1577-93,540,250,206000,80000,0.29,7860,No
Steel 30 GOST 1577-93,520,230,206000,80000,0.29,7860,No
Steel 30 GOST 1577-93,675,400,206000,80000,0.29,7860,No
Steel 30 GOST 1577-93,625,350,206000,80000,0.29,7860,No
Steel 30 GOST 1577-93,575,300,206000,80000,0.29,7860,No
Steel 35 GOST 1577-93,575,300,206000,80000,0.29,7860,No
Steel 35 GOST 1577-93,575,270,206000,80000,0.29,7860,No
Steel 35 GOST 1577-93,555,245,206000,80000,0.29,7860,No
Steel 35 GOST 1577-93,705,430,206000,80000,0.29,7860,No
Steel 35 GOST 1577-93,675,370,206000,80000,0.29,7860,No
Steel 35 GOST 1577-93,625,320,206000,80000,0.29,7860,No
Steel 40 GOST 1577-93,625,320,206000,80000,0.29,7860,No
Steel 40 GOST 1577-93,625,290,206000,80000,0.29,7860,No
Steel 40 GOST 1577-93,605,260,206000,80000,0.29,7860,No
Steel 40 GOST 1577-93,725,460,206000,80000,0.29,7860,No
Steel 40 GOST 1577-93,705,400,206000,80000,0.29,7860,No
Steel 40 GOST 1577-93,675,350,206000,80000,0.29,7860,No
Steel 45 GOST 1577-93,675,340,206000,80000,0.29,7860,No
Steel 45 GOST 1577-93,675,305,206000,80000,0.29,7860,No
Steel 45 GOST 1577-93,655,275,206000,80000,0.29,7860,No
Steel 45 GOST 1577-93,775,500,206000,80000,0.29,7860,No
Steel 45 GOST 1577-93,725,430,206000,80000,0.29,7860,No
Steel 45 GOST 1577-93,705,370,206000,80000,0.29,7860,No
Steel 50 GOST 1577-93,710,355,206000,80000,0.29,7860,No
Steel 50 GOST 1577-93,710,320,206000,80000,0.29,7860,No
Steel 50 GOST 1577-93,690,290,206000,80000,0.29,7860,No
Steel 50 GOST 1577-93,825,520,206000,80000,0.29,7860,No
Steel 50 GOST 1577-93,775,460,206000,80000,0.29,7860,No
Steel 50 GOST 1577-93,725,400,206000,80000,0.29,7860,No
Steel 55 GOST 1577-93,750,370,206000,80000,0.29,7860,No
Steel 55 GOST 1577-93,750,330,206000,80000,0.29,7860,No
Steel 55 GOST 1577-93,730,300,206000,80000,0.29,7860,No
Steel 55 GOST 1577-93,875,550,206000,80000,0.29,7860,No
Steel 55 GOST 1577-93,825,500,206000,80000,0.29,7860,No
Steel 55 GOST 1577-93,775,430,206000,80000,0.29,7860,No
Steel 60 GOST 1577-93,785,380,206000,80000,0.29,7860,No
Steel 60 GOST 1577-93,785,340,206000,80000,0.29,7860,No
Steel 60 GOST 1577-93,755,310,206000,80000,0.29,7860,No
Steel 60 GOST 1577-93,925,580,206000,80000,0.29,7860,No
Steel 60 GOST 1577-93,875,520,206000,80000,0.29,7860,No
Steel 60 GOST 1577-93,825,450,206000,80000,0.29,7860,No
Steel 30Ch GOST 1577-93,925,650,206000,80000,0.29,7860,No
Steel 30Ch GOST 1577-93,825,550,206000,80000,0.29,7860,No
Steel 30Ch GOST 1577-93,725,410,206000,80000,0.29,7860,No
Steel 38ChA GOST 1577-93,1050,750,206000,80000,0.29,7860,No
Steel 38ChA GOST 1577-93,925,630,206000,80000,0.29,7860,No
Steel 38ChA GOST 1577-93,825,510,206000,80000,0.29,7860,No
Steel 40Ch GOST 1577-93,1100,800,206000,80000,0.29,7860,No
Steel 40Ch GOST 1577-93,1000,660,206000,80000,0.29,7860,No
Steel 40Ch GOST 1577-93,875,560,206000,80000,0.29,7860,No
Steel 15L GOST 977-88,392,196,200000,77000,0.3,7820,No
Steel 20L GOST 977-88,412,216,200000,77000,0.3,7820,No
Steel 25L GOST 977-88,441,235,205000,79000,0.3,7830,No
Steel 30L GOST 977-88,471,255,210000,81000,0.3,7810,No
Steel 35L GOST 977-88,491,275,212000,82000,0.29,7830,No
Steel 40L GOST 977-88,520,294,215000,83000,0.3,7810,No
Steel 45L GOST 977-88,540,314,215000,83000,0.3,7800,No
Steel 50L GOST 977-88,569,334,219000,85000,0.29,7820,No
Steel 20GL GOST 977-88,540,275,200000,77000,0.3,7820,No
Steel 35GL GOST 977-88,540,294,200000,77000,0.3,7820,No
Steel 35GL GOST 977-88,589,343,200000,77000,0.3,7820,No
Steel 20GSL GOST 977-88,540,294,200000,77000,0.3,7820,No
Steel 30GSL GOST 977-88,589,343,200000,77000,0.3,7820,No
Steel 30GSL GOST 977-88,638,392,200000,77000,0.3,7820,No
Steel 20G1FL GOST 977-88,510,314,200000,77000,0.3,7820,No
Steel 20FL GOST 977-88,491,294,200000,77000,0.3,7820,Yes
Steel 30ChGSFL GOST 977-88,589,392,200000,77000,0.3,7820,No
Steel 45FL GOST 977-88,589,392,200000,77000,0.3,7820,No
Steel 20ChML GOST 977-88,441,245,215000,83000,0.3,7800,No
Steel 20ChMFL GOST 977-88,491,275,200000,77000,0.3,7820,No
Steel 20GNMFL GOST 977-88,589,491,200000,77000,0.3,7820,No
Steel 35ChML GOST 977-88,589,392,215000,83000,0.3,7840,No
Steel 30ChNML GOST 977-88,687,540,200000,77000,0.3,7820,No
Steel 35ChGSL GOST 977-88,589,343,215000,83000,0.3,7800,No
Steel 35ChGSL GOST 977-88,785,589,215000,83000,0.3,7800,No
Steel 20DChL GOST 977-88,491,392,200000,77000,0.3,7820,No
Steel 08GDNFL GOST 977-88,441,343,212000,82000,0.29,7820,Yes
Steel 13ChNDFTL GOST 977-88,491,392,200000,77000,0.3,7820,No
Steel 12DN2FL GOST 977-88,638,540,200000,77000,0.3,7820,No
Steel 25L GOST 977-88,491,294,205000,79000,0.3,7830,Yes
Steel 30L GOST 977-88,491,294,205000,79000,0.3,7810,Yes
Steel 35L GOST 977-88,540,343,205000,79000,0.3,7830,No
Steel 40L GOST 977-88,540,343,205000,79000,0.3,7810,No
Steel 45L GOST 977-88,589,392,205000,79000,0.3,7800,No
Steel 50L GOST 977-88,736,392,205000,79000,0.3,7820,No
Steel 20GL GOST 977-88,530,334,205000,79000,0.3,7820,No
Steel 35GL GOST 977-88,589,343,200000,77000,0.3,7820,No
Steel 30GSL GOST 977-88,638,392,200000,77000,0.3,7820,No
Steel 30ChGSFL GOST 977-88,785,589,200000,77000,0.3,7820,No
Steel 30ChGSFL GOST 977-88,687,491,200000,77000,0.3,7820,No
Steel 45FL GOST 977-88,638,441,200000,77000,0.3,7820,No
Steel 32Ch06L GOST 977-88,638,491,205000,79000,0.3,7850,No
Steel 20GNMFL GOST 977-88,687,589,200000,77000,0.3,7820,No
Steel 35ChML GOST 977-88,687,540,205000,79000,0.3,7840,No
Steel 30ChNML GOST 977-88,785,638,205000,79000,0.3,7820,No
Steel 35ChGSL GOST 977-88,785,589,205000,79000,0.3,7800,No
Steel 35NGML GOST 977-88,736,589,200000,77000,0.3,7820,No
Steel 20DChL GOST 977-88,638,540,200000,77000,0.3,7820,No
Steel 12DN2FL GOST 977-88,785,638,200000,77000,0.3,7820,No
Steel 12DChN1MFL GOST 977-88,981,735,200000,77000,0.3,7820,No
Steel 23ChGS2MFL GOST 977-88,1275,1079,200000,77000,0.3,7820,No
Steel 12Ch7G3SL GOST 977-88,1324,1079,200000,77000,0.3,7820,No
Steel 25Ch2GNMFL1 GOST 977-88,638,491,200000,77000,0.3,7820,No
Steel 25Ch2GNMFL2 GOST 977-88,1275,1079,200000,77000,0.3,7820,No
Steel 27Ch5GSML GOST 977-88,1472,1177,200000,77000,0.3,7820,No
Steel 30Ch3S3GML GOST 977-88,1766,1472,200000,77000,0.3,7820,No
Steel 03N12Ch5M3TL GOST 977-88,1324,1275,200000,77000,0.3,7820,No
Steel 03N12Ch5M3TJuL GOST 977-88,1472,1422,200000,77000,0.3,7820,No
Steel 40ChL GOST 977-88,638,491,219000,85000,0.29,7840,No
Steel 50ChFA GOST 14959-79,1270,1080,206000,80000,0.3,7860,No
Steel 55S2 GOST 14959-79,1270,1175,206000,80000,0.3,7860,No
Steel 50ChGA GOST 14959-79,1270,1175,206000,80000,0.3,7860,No
Steel 50ChGFA GOST 14959-79,1420,1325,206000,80000,0.3,7860,No
Grey cast iron 10 GOST1412-85,100,50,90000,36000,0.25,6800,No
Grey cast iron 15 GOST1412-85,150,75,90000,36000,0.25,7000,No
Grey cast iron 18 GOST1412-85,180,90,95000,38000,0.25,7050,No
Grey cast iron 20 GOST1412-85,200,100,100000,40000,0.25,7100,No
Grey cast iron 21 GOST1412-85,210,105,100000,40000,0.25,7150,No
Grey cast iron 24 GOST1412-85,240,120,105000,42000,0.25,7200,No
Grey cast iron 25 GOST1412-85,250,125,110000,44000,0.25,7200,No
Grey cast iron 30 GOST1412-85,300,150,120000,48000,0.25,7300,No
Grey cast iron 35 GOST1412-85,350,175,125000,50000,0.25,7400,No
Nodular cast iron 35 GOST7293-85,350,220,170000,70000,0.21,7160,No
Nodular cast iron 40 GOST7293-85,400,250,170000,70000,0.21,7160,No
Nodular cast iron 45 GOST7293-85,450,310,170000,70000,0.21,7160,No
Nodular cast iron 50 GOST7293-85,500,320,170000,70000,0.21,7160,No
Nodular cast iron 60 GOST7293-85,600,370,180000,75000,0.2,7160,No
Nodular cast iron 70 GOST7293-85,700,420,180000,75000,0.2,7160,No
Nodular cast iron 80 GOST7293-85,800,480,180000,75000,0.2,7160,No
Nodular cast iron 100 GOST7293-85,1000,700,185000,77000,0.2,7160,No
Malleable cast iron 30-6,294,170,160000,64000,0.25,7160,No
Malleable cast iron 33-8,323,190,160000,64000,0.25,7160,No
Malleable cast iron 35-10,333,190,160000,64000,0.25,7160,No
Malleable cast iron 37-12,362,210,160000,64000,0.25,7160,No
Malleable cast iron 45-7,441,260,160000,64000,0.25,7160,No
Malleable cast iron 50-5,490,290,160000,64000,0.25,7160,No
Malleable cast iron 55-4,539,325,160000,64000,0.25,7160,No
Malleable cast iron 60-3,588,350,160000,64000,0.25,7160,No
Malleable cast iron 65-3,637,380,160000,64000,0.25,7160,No
Malleable cast iron 70-2,686,410,160000,64000,0.25,7160,No
Malleable cast iron 80-1.5,784,470,160000,64000,0.25,7160,No
Malleable cast iron 40,400,180,160000,64000,0.25,7160,No
NF 13MF4,360,240,206000,80000,0.3,7860,No
NF 35MF6,630,370,206000,80000,0.3,7860,No
NF XE,270,180,206000,80000,0.3,7860,No
NF ZE,270,240,206000,80000,0.3,7860,No
NF ZES,270,225,206000,80000,0.3,7860,No
NF A34-2,330,155,206000,80000,0.3,7860,No
NF A37CP,360,235,206000,80000,0.3,7860,No
NF A42CP,410,255,206000,80000,0.3,7860,No
NF E24-2,340,215,206000,80000,0.3,7860,No
NF E24-3,340,215,206000,80000,0.3,7860,No
NF E28-2,400,275,206000,80000,0.3,7860,No
NF E28-4,400,255,206000,80000,0.3,7860,No
NF A50-2,490,295,206000,80000,0.3,7860,Yes
NF E36-3,490,355,206000,80000,0.3,7860,Yes
NF E36-4,490,355,206000,80000,0.3,7860,Yes
NF A60-2,590,335,206000,80000,0.3,7860,No
NF A70-2,690,365,206000,80000,0.3,7860,No
NF XC10,490,350,206000,80000,0.3,7860,Yes
NF XC12,690,500,206000,80000,0.3,7860,No
NF XC18,440,270,206000,80000,0.3,7860,No
NF XC25,490,305,206000,80000,0.3,7860,Yes
NF XC32,570,365,206000,80000,0.3,7860,No
NF XC38H1,630,400,206000,80000,0.3,7860,No
NF XC42TS,670,430,206000,80000,0.3,7860,No
NF XC42H1,670,430,206000,80000,0.3,7860,No
NF XC48H1,710,460,206000,80000,0.3,7860,No
NF XC42TS,670,430,206000,80000,0.3,7860,No
NF XC55H1,750,490,206000,80000,0.3,7860,No
NF 52M4TS,710,410,206000,80000,0.3,7860,No
NF XC55H1,750,490,206000,80000,0.3,7860,No
NF A48CP,470,290,206000,80000,0.3,7860,Yes
NF 35M5,670,500,206000,80000,0.3,7860,No
NF 51S7,1500,1350,206000,80000,0.3,7860,No
NF 32C4,780,590,206000,80000,0.3,7860,No
NF 38C4,830,620,206000,80000,0.3,7860,No
NF 42C4,880,600,206000,80000,0.3,7860,No
NF 35CD4TS,880,715,206000,80000,0.3,7860,No
NF 42C4TS,880,685,206000,80000,0.3,7860,No
NF 16MC5,980,700,206000,80000,0.3,7860,No
NF 20MC5,1200,850,206000,80000,0.3,7860,No
NF 55C3,1370,1180,206000,80000,0.3,7860,No
NF 15D3,440,270,206000,80000,0.3,7860,No
NF 15CD405,450,295,206000,80000,0.3,7860,Yes
NF 25CD4,780,600,206000,80000,0.3,7860,No
NF 34CD4,880,700,206000,80000,0.3,7860,No
NF 42CD4,980,770,206000,80000,0.3,7860,No
NF 42CD4TS,980,815,206000,80000,0.3,7860,No
NF 50CV4,1320,1125,206000,80000,0.3,7860,No
NF 40CAD612,900,720,206000,80000,0.3,7860,No
NF 30CD12,1030,810,206000,80000,0.3,7860,No
NF 30CD12,980,770,206000,80000,0.3,7860,No
NF 16NC6,1100,800,206000,80000,0.3,7860,No
NF 18NCD6,1200,850,206000,80000,0.3,7860,No
NF 30CND8,1030,850,206000,80000,0.3,7860,No
NF Z6C13,420,225,206000,80000,0.3,7860,No
NF Z12C13,630,440,206000,80000,0.3,7860,No
NF Z20C13,730,540,206000,80000,0.3,7860,No
NF Z30C13,830,635,206000,80000,0.3,7860,No
NF Z8C17,440,245,206000,80000,0.3,7860,No
NF Z8CA7,440,240,206000,80000,0.3,7860,No
NF Z45CS9,900,700,206000,80000,0.3,7860,No
NF Z6CA13,420,225,206000,80000,0.3,7860,No
NF Z10C13,590,410,206000,80000,0.3,7860,No
NF Z85CDMV1802,1000,800,206000,80000,0.3,7860,No
NF Z6CN1809,510,195,206000,80000,0.3,7860,No
NF Z6CNT1810,510,205,206000,80000,0.3,7860,No
NF Z6CNT1812,510,205,206000,80000,0.3,7860,No
NF Z2CN1810,450,185,206000,80000,0.3,7860,No
NF Z15CN2413,540,240,206000,80000,0.3,7860,No
NF Z12NCS3516,590,240,206000,80000,0.3,7860,No
NF Z12CN2520,540,240,206000,80000,0.3,7860,No
NF Z12CNS2520,540,240,206000,80000,0.3,7860,No
NF Z15CN2413,540,240,206000,80000,0.3,7860,No
NF Z12CNS2520,540,240,206000,80000,0.3,7860,No
NF Z6CND1711,530,205,206000,80000,0.3,7860,No
NF Z6CNDT1712,490,216,206000,80000,0.3,7860,No
NF Z2CND1712,470,186,206000,80000,0.3,7860,No
NF Z2CND1713,480,195,206000,80000,0.3,7860,No
NF Z6CND1712,530,205,206000,80000,0.3,7860,No
NF Z52CMN2109,950,600,206000,80000,0.3,7860,No
Grey cast iron,150,150,85000,34000,0.25,7160,No
Grey cast iron,200,200,85000,34000,0.25,7160,No
Grey cast iron,250,250,85000,34000,0.25,7160,No
Grey cast iron,300,300,85000,34000,0.25,7160,No
Grey cast iron,350,350,85000,34000,0.25,7160,No
Nodular cast iron,500,320,169000,70000,0.2,7160,No
Nodular cast iron,600,370,169000,70000,0.2,7160,No
Nodular cast iron,700,420,169000,70000,0.2,7160,No
Nodular cast iron,800,480,169000,70000,0.2,7160,No
Malleable cast iron,400,180,160000,64000,0.27,7160,No
Malleable cast iron,500,260,160000,64000,0.27,7160,No
JIS SUM22,460,375,206000,80000,0.3,7860,No
JIS SS330,360,195,206000,80000,0.3,7860,No
JIS STKM13B,440,305,206000,80000,0.3,7860,Yes
JIS STKM12A,340,175,206000,80000,0.3,7860,No
JIS STKM12C,470,355,206000,80000,0.3,7860,Yes
JIS SS400,400,235,206000,80000,0.3,7860,No
JIS SS490,490,275,206000,80000,0.3,7860,No
JIS SM52OC,520,335,206000,80000,0.3,7860,No
JIS SM52OB,520,335,206000,80000,0.3,7860,No
JIS STKM16A,510,325,206000,80000,0.3,7860,No
JIS STKM16C,620,460,206000,80000,0.3,7860,No
JIS SM570,570,450,206000,80000,0.3,7860,No
JIS S10C,420,300,206000,80000,0.3,7860,Yes
JIS S15C,440,340,206000,80000,0.3,7860,Yes
JIS S22C,420,250,206000,80000,0.3,7860,No
JIS S25C,480,300,206000,80000,0.3,7860,Yes
JIS S30C,540,340,206000,80000,0.3,7860,No
JIS S35C,600,370,206000,80000,0.3,7860,No
JIS S40C,630,400,206000,80000,0.3,7860,No
JIS S45C,650,430,206000,80000,0.3,7860,No
JIS S50C,700,460,206000,80000,0.3,7860,No
JIS S55C,750,500,206000,80000,0.3,7860,No
JIS S58C,780,510,206000,80000,0.3,7860,No
JIS SMn433,700,490,206000,80000,0.3,7860,No
JIS SCr430,770,570,206000,80000,0.3,7860,No
JIS SCr435,800,600,206000,80000,0.3,7860,No
JIS SCr440,880,640,206000,80000,0.3,7860,No
JIS SMnC420,980,680,206000,80000,0.3,7860,No
JIS SUP9,1226,1079,206000,80000,0.3,7860,No
JIS SCM430,830,630,206000,80000,0.3,7860,No
JIS SCM435,880,660,206000,80000,0.3,7860,No
JIS SCM440,930,735,206000,80000,0.3,7860,No
JIS SCM445,860,680,206000,80000,0.3,7860,No
JIS SUP10,1226,1079,206000,80000,0.3,7860,No
JIS SNC815,930,680,206000,80000,0.3,7860,No
JIS SNCM815,1100,800,206000,80000,0.3,7860,No
JIS SNCM447,1100,900,206000,80000,0.3,7860,No
JIS SNCM630,1200,1000,206000,80000,0.3,7860,No
JIS SUS403,588,392,206000,80000,0.3,7860,No
JIS SUS405,412,177,206000,80000,0.3,7860,No
JIS SUS410,539,343,206000,80000,0.3,7860,No
JIS SUS420J1,637,441,206000,80000,0.3,7860,No
JIS SUS420J2,735,539,206000,80000,0.3,7860,No
JIS SUS430,430,205,206000,80000,0.3,7860,No
JIS SUS431,785,588,206000,80000,0.3,7860,No
JIS SUS304,520,205,206000,80000,0.3,7860,No
JIS SUS303,520,205,206000,80000,0.3,7860,No
JIS SUS316,520,205,206000,80000,0.3,7860,No
JIS SUS316L,480,175,206000,80000,0.3,7860,No
JIS SUS321,520,205,206000,80000,0.3,7860,No
JIS SUS304L,480,175,206000,80000,0.3,7860,No
JIS SUS3093,520,205,206000,80000,0.3,7860,No
JIS SUH1,930,685,206000,80000,0.3,7860,No
JIS SUH330,560,205,206000,80000,0.3,7860,No
JIS SUH310,590,205,206000,80000,0.3,7860,No
JIS SUH35,880,560,206000,80000,0.3,7860,No
Grey cast iron,150,150,85000,34000,0.25,7160,No
Grey cast iron,200,200,85000,34000,0.25,7160,No
Grey cast iron,250,250,85000,34000,0.25,7160,No
Grey cast iron,300,300,85000,34000,0.25,7160,No
Grey cast iron,350,350,85000,34000,0.25,7160,No
Nodular cast iron,500,320,169000,70000,0.2,7160,No
Nodular cast iron,600,370,169000,70000,0.2,7160,No
Nodular cast iron,700,420,169000,70000,0.2,7160,No
Nodular cast iron,800,480,169000,70000,0.2,7160,No
Malleable cast iron,400,180,160000,64000,0.27,7160,No
Malleable cast iron,500,260,160000,64000,0.27,7160,No
